Total Points,Total Critics,Total Industry,Oscar,FIRST,LAST,STATUS,Waiver Expire,Position,Movie1,Movie2,Movie3,Movie4,Gotham,HFA
4,,4,,Hugh,Jackman,Free Agent,,ACTOR,The Front Runner,,,,,4
4,,4,,John David,Washington,Free Agent,,ACTOR,BlacKkKlansman,The Old Man & the Gun,Monsters and Men,,,4
4,,4,,Amandla,Stenberg,Free Agent,,ACTRESS,Where Hands Touch,The Darkest Minds,The Hate U Give,,,4
4,,4,,,Believer,Free Agent,,DOCUMENTARY,Believer,,,,,4
4,,4,,,Crazy Rich Asians,Free Agent,,PICTURE,Crazy Rich Asians,,,,,4
2,,2,,Lakeith,Stanfield,Free Agent,,ACTOR,Sorry to Bother You,,,,2,
2,,2,,Toni,Colette,Free Agent,,ACTRESS,Hereditary,,,,2,
2,,2,,Elsie,Fisher,Free Agent,,ACTRESS,Eighth Grade,,,,2,
2,,2,,Kathryn,Hahn,Free Agent,,ACTRESS,Private Life,,,,2,
2,,2,,Regina,Hall,Free Agent,,ACTRESS,Support the Girls,,,,2,
2,,2,,Helena,Howard,Free Agent,,ACTRESS,Madeline's Madeline,,,,2,
2,,2,,Thomasin,McKenzie,Free Agent,,ACTRESS,Leave No Trace,,,,2,
2,,2,,Michelle,Pfeiffer,Free Agent,,ACTRESS,Where Is Kyra?,,,,2,
2,,2,,Boots,Riley,Free Agent,,DIRECTOR SCORE SCREENPLAY,Sorry to Bother You,,,,2,
2,,2,,Ari,Aster,Free Agent,,DIRECTOR SCREENPLAY,Hereditary,,,,2,
2,,2,,Andrew,Bujalski,Free Agent,,DIRECTOR SCREENPLAY,Support the Girls,,,,2,
2,,2,,Cory,Finley,Free Agent,,DIRECTOR SCREENPLAY,Thoroughbreds,,,,2,
2,,2,,Jennifer,Fox,Free Agent,,DIRECTOR SCREENPLAY,The Tale,,,,2,
2,,2,,Tamara,Jenkins,Free Agent,,DIRECTOR SCREENPLAY,Private Life,,,,2,
2,,2,,Crystal,Moselle,Free Agent,,DIRECTOR SCREENPLAY,Skate Kitchen,,,,2,
2,,2,,Paul,Schrader,Free Agent,,DIRECTOR SCREENPLAY,First Reformed,,,,2,
2,,2,,,Bisbee '17,Free Agent,,DOCUMENTARY,Bisbee '17,,,,2,
2,,2,,,Hale County This Morning This Evening,Free Agent,,DOCUMENTARY,Hale County This Morning This Evening,,,,2,
2,,2,,,Shirkers,Free Agent,,DOCUMENTARY,Shirkers,,,,2,
2,,2,,,First Reformed,Free Agent,,PICTURE,First Reformed,,,,2,
2,,2,,,Madeline's Madeline,Free Agent,,PICTURE,Madeline's Madeline,,,,2,
2,,2,,,The Rider,Free Agent,,PICTURE,The Rider,,,,2,
0,,0,,Javier,Bardem,Free Agent,,ACTOR,Everybody Knows,,,,,
0,,0,,Harry,Belafonte,Free Agent,,ACTOR,BlacKkKlansman,,,,,
0,,0,,Chadwick,Boseman,Free Agent,,ACTOR,Black Panther,Avengers: Infinity War,,,,
0,,0,,Jeff,Bridges,Free Agent,,ACTOR,Bad Times at the El Royale,,,,,
0,,0,,Steve,Buscemi,Free Agent,,ACTOR,The Death of Stalin,The Week Of,Lean on Pete,Nancy,,
0,,0,,Kyle,Chandler,Free Agent,,ACTOR,First Man,Game Night,,,,
0,,0,,John,Cho,Free Agent,,ACTOR,The Oath,Searching,,,,
0,,0,,Jason,Clarke,Free Agent,,ACTOR,Winchester,First Man,Serenity,,,
0,,0,,Steve,Coogan,Free Agent,,ACTOR,Stan & Ollie,Ideal Home,Irreplaceable You,,,
0,,0,,Russell,Crowe,Free Agent,,ACTOR,Boy Erased,,,,,
0,,0,,Bruce,Dern,Free Agent,,ACTOR,The Peanut Butter Falcon,White Boy Rick,Warning Shot,,,
0,,0,,Robert,Duvall,Free Agent,,ACTOR,Widows,,,,,
0,,0,,Colin,Farrell,Free Agent,,ACTOR,Widows,,,,,
0,,0,,Colin,Firth,Free Agent,,ACTOR,The Happy Prince,The Mercy,Kursk,Mary Poppins Returns,,
0,,0,,Robert,Forster,Free Agent,,ACTOR,The Big Take,Bigger,Damsel,What They Had,,
0,,0,,Rupert,Friend,Free Agent,,ACTOR,The Death of Stalin,At Eternity's Gate,A Simple Favor,,,
0,,0,,Andrew,Garfield,Free Agent,,ACTOR,Under the Silver Lake,,,,,
0,,0,,Paul,Giamatti,Free Agent,,ACTOR,The Catcher Was a Spy,I Think We're Alone Now,Private Life,White Fang,,
0,,0,,Topher,Grace,Free Agent,,ACTOR,Delirium,Under the Silver Lake,BlacKkKlansman,,,
0,,0,,Hugh,Grant,Free Agent,,ACTOR,Paddington 2,,,,,
0,,0,,Jonas Strand,Gravli,Free Agent,,ACTOR,22 July,,,,,
0,,0,,Jake,Gyllenhaal,Free Agent,,ACTOR,The Sisters Brothers,Wildlife,,,,
0,,0,,Josh,Hamilton,Free Agent,,ACTOR,Eighth Grade,,,,,
0,,0,,Armie,Hammer,Free Agent,,ACTOR,On the Basis of Sex,Hotel Mumbai,Sorry to Bother You,,,
0,,0,,Ben,Hardy,Free Agent,,ACTOR,Bohemian Rhapsody,,,,,
0,,0,,Lucas,Hedges,Free Agent,,ACTOR,Boy Erased,Mid90s,Ben Is Back,,,
0,,0,,Brian Tyree,Henry,Free Agent,,ACTOR,Widows,White Boy Rick,If Beale Street Could Talk,Hotel Artemis,,
0,,0,,Russell,Hornsby,Free Agent,,ACTOR,The Hate U Give,Creed II,,,,
0,,0,,Nicholas,Hoult,Free Agent,,ACTOR,The Favourite,,,,,
0,,0,,Oscar,Isaac,Free Agent,,ACTOR,Annihilation,Operation Finale,Life Itself,At Eternity's Gate,,
0,,0,,Stephan,James,Free Agent,,ACTOR,If Beale Street Could Talk,,,,,
0,,0,,Brady,Jandreau,Free Agent,,ACTOR,The Rider,,,,,
0,,0,,Daniel,Kaluuya,Free Agent,,ACTOR,Black Panther,Widows,,,,
0,,0,,Jude,Law,Free Agent,,ACTOR,Fantastic Beasts: The Crimes of Grindelwald,Vox Lux,,,,
0,,0,,Anders Danielsen,Lie,Free Agent,,ACTOR,22 July,,,,,
0,,0,,John,Malkovich,Free Agent,,ACTOR,Bird Box,Mile 22,,,,
0,,0,,Matthew,McConaughey,Free Agent,,ACTOR,White Boy Rick,Serenity,,,,
0,,0,,Lin-Manuel,Miranda,Free Agent,,ACTOR,Mary Poppins Returns,,,,,
0,,0,,Liam,Neeson,Free Agent,,ACTOR,The Commuter,Widows,The Ballad of Buster Scruggs,,,
0,,0,,Tim Blake,Nelson,Free Agent,,ACTOR,The Long Home,The Ballad of Buster Scruggs,,,,
0,,0,,Alessandro,Nivola,Free Agent,,ACTOR,You Were Never Really Here,Disobedience,,,,
0,,0,,Michael,Pena,Free Agent,,ACTOR,The Mule,A Wrinkle in Time,12 Strong,Ant-Man and the Wasp,,
0,,0,,Joaquin,Phoenix,Free Agent,,ACTOR,The Sisters Brothers,You Were Never Really Here,Don't Worry He Won't Get Far on Foot,Mary Magdalene,,
0,,0,,Jonathan,Pryce,Free Agent,,ACTOR,The Man Who Killed Don Quixote,The Wife,,,,
0,,0,,John C.,Reilly,Free Agent,,ACTOR,The Sisters Brothers,Stan & Ollie,Ralph Breaks the Internet,Holmes & Watson,,
0,,0,,Trevante,Rhodes,Free Agent,,ACTOR,12 Strong,Bird Box,The Predator,,,
0,,0,,Nick,Robinson,Free Agent,,ACTOR,Love Simon,,,,,
0,,0,,Michael,Shannon,Free Agent,,ACTOR,Fahrenheit 451,12 Strong,What They Had,,,
0,,0,,J.K.,Simmons,Free Agent,,ACTOR,The Front Runner,,,,,
0,,0,,Sebastian,Stan,Free Agent,,ACTOR,The Last Full Measure,Avengers: Infinity War,We Have Always Lived in the Castle,Destroyer,,
0,,0,,Corey,Stoll,Free Agent,,ACTOR,First Man,The Seagull,Driven,,,
0,,0,,David,Tennant,Free Agent,,ACTOR,Mary Queen of Scots,Bad Samaritan,,,,
0,,0,,Tom,Waits,Free Agent,,ACTOR,The Old Man & the Gun,The Ballad of Buster Scruggs,,,,
0,,0,,Sam,Waterston,Free Agent,,ACTOR,On the Basis of Sex,,,,,
0,,0,,Dominic,West,Free Agent,,ACTOR,Tomb Raider,Colette,,,,
0,,0,,Alex,Wolff,Free Agent,,ACTOR,Hereditary,Dude,,,,
0,,0,,Xavier,Dolan,Free Agent,,ACTOR DIRECTOR EDITOR SCREENPLAY,Bad Times at the El Royale,Boy Erased,The Death and Life of John F. Donovan,,,
0,,0,,Joel,Edgerton,Free Agent,,ACTOR DIRECTOR SCREENPLAY,Boy Erased,Red Sparrow,Gringo,,,
0,,0,,Rupert,Everett,Free Agent,,ACTOR DIRECTOR SCREENPLAY,The Happy Prince,,,,,
0,,0,,John,Krasinski,Free Agent,,ACTOR DIRECTOR SCREENPLAY,A Quiet Place,Animal Crackers,Next Gen,,,
0,,0,,Rafael,Casal,Free Agent,,ACTOR SCREENPLAY,Blindspotting,,,,,
0,,0,,Daveed,Diggs,Free Agent,,ACTOR SCREENPLAY,Blindspotting,,,,,
0,,0,,Simon,Farnaby,Free Agent,,ACTOR SCREENPLAY,Paddington 2,Christopher Robin,,,,
0,,0,,Ryan,Reynolds,Free Agent,,ACTOR SCREENPLAY,Deadpool 2,,,,,
0,,0,,Kathy,Bates,Free Agent,,ACTRESS,On the Basis of Sex,The Death and Life of John F. Donovan,,,,
0,,0,,Lucy,Boynton,Free Agent,,ACTRESS,Bohemian Rhapsody,Apostle,,,,
0,,0,,Sandra,Bullock,Free Agent,,ACTRESS,Bird Box,Ocean's Eight,,,,
0,,0,,Linda,Cardellini,Free Agent,,ACTRESS,Hunter Killer,Green Book,A Simple Favor,,,
0,,0,,Toni,Collette,Free Agent,,ACTRESS,Hereditary,Hearts Beat Loud,,,,
0,,0,,Penelope,Cruz,Free Agent,,ACTRESS,Everybody Knows,,,,,
0,,0,,Tyne,Daly,Free Agent,,ACTRESS,The Ballad of Buster Scruggs,,,,,
0,,0,,Blythe,Danner,Free Agent,,ACTRESS,What They Had,Hearts Beat Loud,,,,
0,,0,,Elizabeth,Debicki,Free Agent,,ACTRESS,Widows,Vita and Virginia,The Cloverfield Paradox,The Tale,,
0,,0,,Cynthia,Erivo,Free Agent,,ACTRESS,Widows,Bad Times at the El Royale,,,,
0,,0,,Vera,Farmiga,Free Agent,,ACTRESS,The Front Runner,Skin,The Commuter,,,
0,,0,,Danai,Gurira,Free Agent,,ACTRESS,Black Panther,Avengers: Infinity War,,,,
0,,0,,Maggie,Gyllenhaal,Free Agent,,ACTRESS,The Kindergarten Teacher,,,,,
0,,0,,Laura,Harrier,Free Agent,,ACTRESS,BlacKkKlansman,,,,,
0,,0,,Dakota,Johnson,Free Agent,,ACTRESS,Suspiria,The Peanut Butter Falcon,Fifty Shades Freed,Bad Times at the El Royale,,
0,,0,,Felicity,Jones,Free Agent,,ACTRESS,On the Basis of Sex,,,,,
0,,0,,Riley,Keough,Free Agent,,ACTRESS,The House That Jack Built,Hold the Dark,Under the Silver Lake,,,
0,,0,,Keira,Knightley,Free Agent,,ACTRESS,Colette,The Nutcracker and the Four Realms,,,,
0,,0,,Joanna,Kulig,Free Agent,,ACTRESS,Cold War,,,,,
0,,0,,Jennifer Jason,Leigh,Free Agent,,ACTRESS,Annihilation,White Boy Rick,,,,
0,,0,,Kelly,Macdonald,Free Agent,,ACTRESS,Holmes & Watson,Ralph Breaks the Internet,Puzzle,,,
0,,0,,Andie,MacDowell,Free Agent,,ACTRESS,Love After Love,,,,,
0,,0,,Zosia,Mamet,Free Agent,,ACTRESS,Under the Silver Lake,,,,,
0,,0,,Leslie,Mann,Free Agent,,ACTRESS,Blockers,Welcome to Marwen,,,,
0,,0,,Tatiana,Maslany,Free Agent,,ACTRESS,Destroyer,,,,,
0,,0,,Rachel,McAdams,Free Agent,,ACTRESS,Game Night,Disobedience,,,,
0,,0,,Janelle,Monae,Free Agent,,ACTRESS,Welcome to Marwen,,,,,
0,,0,,Chloe Grace,Moretz,Free Agent,,ACTRESS,Suspiria,Greta,The Miseducation of Cameron Post,,,
0,,0,,Carey,Mulligan,Free Agent,,ACTRESS,Wildlife,,,,,
0,,0,,Teyonah,Parris,Free Agent,,ACTRESS,If Beale Street Could Talk,,,,,
0,,0,,Sarah,Paulson,Free Agent,,ACTRESS,Bird Box,Ocean's Eight,,,,
0,,0,,Rosamund,Pike,Free Agent,,ACTRESS,A Private War,Beirut,7 Days in Entebbe,,,
0,,0,,Alison,Pill,Free Agent,,ACTRESS,Ideal Home,Vice,,,,
0,,0,,Natalie,Portman,Free Agent,,ACTRESS,Annihilation,The Death and Life of John F. Donovan,Vox Lux,,,
0,,0,,Michelle,Rodriguez,Free Agent,,ACTRESS,Alita: Battle Angel,Widows,,,,
0,,0,,Gina,Rodriguez,Free Agent,,ACTRESS,Annihilation,Smallfoot,,,,
0,,0,,Saoirse,Ronan,Free Agent,,ACTRESS,Mary Queen of Scots,On Chesil Beach,The Seagull,,,
0,,0,,Amy,Ryan,Free Agent,,ACTRESS,Beautiful Boy,,,,,
0,,0,,Molly,Shannon,Free Agent,,ACTRESS,Hotel Transylvania 3: Summer Vacation,Private Life,,,,
0,,0,,Milly,Shapiro,Free Agent,,ACTRESS,Hereditary,,,,,
0,,0,,Millicent,Simmonds,Free Agent,,ACTRESS,A Quiet Place,,,,,
0,,0,,Anna Deavere,Smith,Free Agent,,ACTRESS,Can You Ever Forgive Me?,,,,,
0,,0,,Sissy,Spacek,Free Agent,,ACTRESS,The Old Man & the Gun,,,,,
0,,0,,Meryl,Streep,Free Agent,,ACTRESS,Mary Poppins Returns,Mamma Mia! Here We Go Again,,,,
0,,0,,Hilary,Swank,Free Agent,,ACTRESS,What They Had,,,,,
0,,0,,Tilda,Swinton,Free Agent,,ACTRESS,Suspiria,Isle of Dogs,,,,
0,,0,,Charlize,Theron,Free Agent,,ACTRESS,Tully,Gringo,,,,
0,,0,,Maura,Tierney,Free Agent,,ACTRESS,Beautiful Boy,,,,,
0,,0,,Emily,Watson,Free Agent,,ACTRESS,On Chesil Beach,The Happy Prince,,,,
0,,0,,Merritt,Wever,Free Agent,,ACTRESS,Charlie Says,Welcome to Marwen,Irreplaceable You,,,
0,,0,,Dianne,Wiest,Free Agent,,ACTRESS,The Mule,,,,,
0,,0,,Letitia,Wright,Free Agent,,ACTRESS,The Commuter,Ready Player One,Black Panther,Avengers: Infinity War,,
0,,0,,Constance,Wu,Free Agent,,ACTRESS,Crazy Rich Asians,Next Gen,,,,
0,,0,,Michelle,Yeoh,Free Agent,,ACTRESS,Crazy Rich Asians,,,,,
0,,0,,Nadine,Labaki,Free Agent,,ACTRESS DIRECTOR SCREENPLAY,Capernaum,,,,,
0,,0,,Eileen,Atkins,Free Agent,,ACTRESS SCREENPLAY,Vita and Virginia,Paddington 2,,,,
0,,0,,Zoe,Kazan,Free Agent,,ACTRESS SCREENPLAY,The Ballad of Buster Scruggs,Wildlife,,,,
0,,0,,,Ana y Bruno,Free Agent,,ANIMATED,Ana y Bruno,,,,,
0,,0,,,Animal Crackers,Free Agent,,ANIMATED,Animal Crackers,,,,,
0,,0,,,Batman Ninja,Free Agent,,ANIMATED,Batman Ninja,,,,,
0,,0,,,Big Fish & Begonia,Free Agent,,ANIMATED,Big Fish & Begonia,,,,,
0,,0,,,Dilili in Paris,Free Agent,,ANIMATED,Dilili in Paris,,,,,
0,,0,,,Dragon Ball Super: Broly,Free Agent,,ANIMATED,Dragon Ball Super: Broly,,,,,
0,,0,,,Duck Duck Goose,Free Agent,,ANIMATED,Duck Duck Goose,,,,,
0,,0,,,Fireworks Should We See It from the Side or The Bottom?,Free Agent,,ANIMATED,Fireworks Should We See It from the Side or The Bottom?,,,,,
0,,0,,,Have a Nice Day,Free Agent,,ANIMATED,Have a Nice Day,,,,,
0,,0,,,Hotel Transylvania 3: Summer Vacation,Free Agent,,ANIMATED,Hotel Transylvania 3: Summer Vacation,,,,,
0,,0,,,Liz and the Blue Bird,Free Agent,,ANIMATED,Liz and the Blue Bird,,,,,
0,,0,,,Lu Over the Wall,Free Agent,,ANIMATED,Lu Over the Wall,,,,,
0,,0,,,Luis and the Aliens,Free Agent,,ANIMATED,Luis and the Aliens,,,,,
0,,0,,,Maquia: When the Promised Flower Blooms,Free Agent,,ANIMATED,Maquia: When the Promised Flower Blooms,,,,,
0,,0,,,Marvel Rising: Secret Warriors,Free Agent,,ANIMATED,Marvel Rising: Secret Warriors,,,,,
0,,0,,,MFKZ,Free Agent,,ANIMATED,MFKZ,,,,,
0,,0,,,Mirai,Free Agent,,ANIMATED,Mirai,,,,,
0,,0,,,Monster Family,Free Agent,,ANIMATED,Monster Family,,,,,
0,,0,,,My Hero Academia: The Movie,Free Agent,,ANIMATED,My Hero Academia: The Movie,,,,,
0,,0,,,Next Gen,Free Agent,,ANIMATED,Next Gen,,,,,
0,,0,,,Night Is Short Walk On Girl,Free Agent,,ANIMATED,Night Is Short Walk On Girl,,,,,
0,,0,,,On Happiness Road,Free Agent,,ANIMATED,On Happiness Road,,,,,
0,,0,,,Peter Rabbit,Free Agent,,ANIMATED,Peter Rabbit,,,,,
0,,0,,,Ruben Brandt Collector,Free Agent,,ANIMATED,Ruben Brandt Collector,,,,,
0,,0,,,Sgt. Stubby: An American Hero,Free Agent,,ANIMATED,Sgt. Stubby: An American Hero,,,,,
0,,0,,,Sherlock Gnomes,Free Agent,,ANIMATED,Sherlock Gnomes,,,,,
0,,0,,,Smallfoot,Free Agent,,ANIMATED,Smallfoot,,,,,
0,,0,,,Tall Tales,Free Agent,,ANIMATED,Tall Tales,,,,,
0,,0,,,Teen Titans Go! To the Movies,Free Agent,,ANIMATED,Teen Titans Go! To the Movies,,,,,
0,,0,,,Tehran Taboo,Free Agent,,ANIMATED,Tehran Taboo,,,,,
0,,0,,,The Laws of the Universe - Part I,Free Agent,,ANIMATED,The Laws of the Universe - Part I,,,,,
0,,0,,,The Tower,Free Agent,,ANIMATED,The Tower,,,,,
0,,0,,,Tito and the Birds,Free Agent,,ANIMATED,Tito and the Birds,,,,,
0,,0,,,Trolled,Free Agent,,ANIMATED,Trolled,,,,,
0,,0,,,White Fang,Free Agent,,ANIMATED,White Fang,,,,,
0,,0,,Jose Luis,Alcaine,Free Agent,,CINEMATOGRAPHY,Everybody Knows,,,,,
0,,0,,Joe,Anderson,Free Agent,,CINEMATOGRAPHY,The Old Man & the Gun,,,,,
0,,0,,Christopher,Aoun,Free Agent,,CINEMATOGRAPHY,Capernaum,,,,,
0,,0,,Juan Sebastian,Baron,Free Agent,,CINEMATOGRAPHY,Searching,,,,,
0,,0,,Dion,Beebe,Free Agent,,CINEMATOGRAPHY,Mary Poppins Returns,,,,,
0,,0,,Yves,Bélanger,Free Agent,,CINEMATOGRAPHY,The Mule,,,,,
0,,0,,Sean,Bobbitt,Free Agent,,CINEMATOGRAPHY,On Chesil Beach,Widows,,,,
0,,0,,Ulf,Brantas,Free Agent,,CINEMATOGRAPHY,The Wife,,,,,
0,,0,,Vanja,Cernjul,Free Agent,,CINEMATOGRAPHY,Crazy Rich Asians,,,,,
0,,0,,Charlotte Bruus,Christensen,Free Agent,,CINEMATOGRAPHY,A Quiet Place,,,,,
0,,0,,Danny,Cohen,Free Agent,,CINEMATOGRAPHY,King of Thieves,Disobedience,,,,
0,,0,,John,Conroy,Free Agent,,CINEMATOGRAPHY,The Happy Prince,Yardie,,,,
0,,0,,Lol,Crawley,Free Agent,,CINEMATOGRAPHY,Vox Lux,,,,,
0,,0,,Benoit,Debie,Free Agent,,CINEMATOGRAPHY,The Sisters Brothers,,,,,
0,,0,,Bruno,Delbonnel,Free Agent,,CINEMATOGRAPHY,The Ballad of Buster Scruggs,,,,,
0,,0,,Benoit,Delhomme,Free Agent,,CINEMATOGRAPHY,At Eternity's Gate,,,,,
0,,0,,Stuart,Dryburgh,Free Agent,,CINEMATOGRAPHY,Ben Is Back,,,,,
0,,0,,Alexander,Dynan,Free Agent,,CINEMATOGRAPHY,First Reformed,,,,,
0,,0,,Doug,Emmett,Free Agent,,CINEMATOGRAPHY,Sorry to Bother You,,,,,
0,,0,,Greig,Fraser,Free Agent,,CINEMATOGRAPHY,Mary Magdalene,Vice,,,,
0,,0,,Mike,Gioulakis,Free Agent,,CINEMATOGRAPHY,Under the Silver Lake,,,,,
0,,0,,Michael,Grady,Free Agent,,CINEMATOGRAPHY,On the Basis of Sex,,,,,
0,,0,,Eduard,Grau,Free Agent,,CINEMATOGRAPHY,Gringo,Boy Erased,,,,
0,,0,,Gary,Graver,Free Agent,,CINEMATOGRAPHY,The Other Side of the Wind,,,,,
0,,0,,John,Guleserian,Free Agent,,CINEMATOGRAPHY,Love Simon,Zoe,,,,
0,,0,,Rob,Hardy,Free Agent,,CINEMATOGRAPHY,Annihilation,Mission: Impossible - Fallout,,,,
0,,0,,Ruben,Impens,Free Agent,,CINEMATOGRAPHY,Beautiful Boy,,,,,
0,,0,,Chayse,Irvin,Free Agent,,CINEMATOGRAPHY,BlacKkKlansman,,,,,
0,,0,,Julie,Kirkwood,Free Agent,,CINEMATOGRAPHY,Destroyer,,,,,
0,,0,,Mihai,Malaimare Jr.,Free Agent,,CINEMATOGRAPHY,Delirium,The Hate U Give,,,,
0,,0,,John,Mathieson,Free Agent,,CINEMATOGRAPHY,Mary Queen of Scots,,,,,
0,,0,,Michael,McDonough,Free Agent,,CINEMATOGRAPHY,Leave No Trace,,,,,
0,,0,,C. Kim,Miles,Free Agent,,CINEMATOGRAPHY,Welcome to Marwen,,,,,
0,,0,,Sayombhu,Mukdeeprom,Free Agent,,CINEMATOGRAPHY,Suspiria,,,,,
0,,0,,Christopher,Norr,Free Agent,,CINEMATOGRAPHY,Puzzle,,,,,
0,,0,,Giles,Nuttgens,Free Agent,,CINEMATOGRAPHY,Colette,,,,,
0,,0,,Trent,Opaloch,Free Agent,,CINEMATOGRAPHY,Avengers: Infinity War,,,,,
0,,0,,Pawel,Pogorzelski,Free Agent,,CINEMATOGRAPHY,Hereditary,,,,,
0,,0,,Dick,Pope,Free Agent,,CINEMATOGRAPHY,Peterloo,,,,,
0,,0,,Sean,Porter,Free Agent,,CINEMATOGRAPHY,Green Book,,,,,
0,,0,,Tat,Radcliffe,Free Agent,,CINEMATOGRAPHY,White Boy Rick,,,,,
0,,0,,Joshua James,Richards,Free Agent,,CINEMATOGRAPHY,The Rider,,,,,
0,,0,,Pal Ulvik,Rokseth,Free Agent,,CINEMATOGRAPHY,22 July,,,,,
0,,0,,Laurie,Rose,Free Agent,,CINEMATOGRAPHY,Stan & Ollie,Overlord,,,,
0,,0,,Philippe,Rousselot,Free Agent,,CINEMATOGRAPHY,Fantastic Beasts: The Crimes of Grindelwald,,,,,
0,,0,,Patrick,Scola,Free Agent,,CINEMATOGRAPHY,Monsters and Men,,,,,
0,,0,,Newton Thomas,Sigel,Free Agent,,CINEMATOGRAPHY,Bohemian Rhapsody,,,,,
0,,0,,Eric,Steelberg,Free Agent,,CINEMATOGRAPHY,Tully,The Front Runner,,,,
0,,0,,Salvatore,Totino,Free Agent,,CINEMATOGRAPHY,Bird Box,,,,,
0,,0,,Brandon,Trost,Free Agent,,CINEMATOGRAPHY,Can You Ever Forgive Me?,,,,,
0,,0,,Andrew,Wehde,Free Agent,,CINEMATOGRAPHY,Eighth Grade,,,,,
0,,0,,Lukasz,Zal,Free Agent,,CINEMATOGRAPHY,Cold War,,,,,
0,,0,,Nicholas D.,Johnson,Free Agent,,CINEMATOGRAPHY EDITOR,Searching,,,,,
0,,0,,Will,Merrick,Free Agent,,CINEMATOGRAPHY EDITOR,Searching,,,,,
0,,0,,Begonia,Berges,Free Agent,,COSTUME DESIGN,Monsters and Men,,,,,
0,,0,,Arjun,Bhasin,Free Agent,,COSTUME DESIGN,The Happytime Murders,Can You Ever Forgive Me?,Here and Now,,,
0,,0,,Annell,Brodeur,Free Agent,,COSTUME DESIGN,The Old Man & the Gun,,,,,
0,,0,,Milena,Canonero,Free Agent,,COSTUME DESIGN,The Sisters Brothers,,,,,
0,,0,,Giovanni,Casalnuovo,Free Agent,,COSTUME DESIGN,The Happy Prince,,,,,
0,,0,,Eric,Daman,Free Agent,,COSTUME DESIGN,Love Simon,,,,,
0,,0,,Julian,Day,Free Agent,,COSTUME DESIGN,Bohemian Rhapsody,Terminal,Robin Hood,,,
0,,0,,Paco,Delgado,Free Agent,,COSTUME DESIGN,A Wrinkle in Time,,,,,
0,,0,,Odile,Dicks-Mireaux,Free Agent,,COSTUME DESIGN,Disobedience,,,,,
0,,0,,Jacqueline,Durran,Free Agent,,COSTUME DESIGN,Peterloo,Mary Magdalene,,,,
0,,0,,Jenny,Eagan,Free Agent,,COSTUME DESIGN,Widows,American Animals,,,,
0,,0,,Margret,Einarsdottir,Free Agent,,COSTUME DESIGN,22 July,,,,,
0,,0,,Caroline,Eselin,Free Agent,,COSTUME DESIGN,Under the Silver Lake,If Beale Street Could Talk,,,,
0,,0,,Audrey,Fisher,Free Agent,,COSTUME DESIGN,Destroyer,,,,,
0,,0,,Andrea,Flesch,Free Agent,,COSTUME DESIGN,Colette,,,,,
0,,0,,Amanda,Ford,Free Agent,,COSTUME DESIGN,Wildlife,Her Smell,,,,
0,,0,,Danny,Glicker,Free Agent,,COSTUME DESIGN,The Front Runner,Serenity,Bad Times at the El Royale,Don't Worry He Won't Get Far on Foot,,
0,,0,,Mirren,Gordon-Crozier,Free Agent,,COSTUME DESIGN,Skin,I Think We're Alone Now,Teen Spirit,Puzzle,,
0,,0,,Deirdra Elizabeth,Govan,Free Agent,,COSTUME DESIGN,Sorry to Bother You,,,,,
0,,0,,Sonia,Grande,Free Agent,,COSTUME DESIGN,Everybody Knows,,,,,
0,,0,,Betsy,Heimann,Free Agent,,COSTUME DESIGN,The Commuter,Green Book,,,,
0,,0,,Joanna,Johnston,Free Agent,,COSTUME DESIGN,Welcome to Marwen,,,,,
0,,0,,Keri,Langerman,Free Agent,,COSTUME DESIGN,Vox Lux,,,,,
0,,0,,Judianna,Makovsky,Free Agent,,COSTUME DESIGN,Avengers: Infinity War,,,,,
0,,0,,Susan,Matheson,Free Agent,,COSTUME DESIGN,Vice,,,,,
0,,0,,Olga,Mill,Free Agent,,COSTUME DESIGN,First Reformed,Hereditary,,,,
0,,0,,Maurizio,Millenotti,Free Agent,,COSTUME DESIGN,The Happy Prince,,,,,
0,,0,,Isis,Mussenden,Free Agent,,COSTUME DESIGN,On the Basis of Sex,,,,,
0,,0,,Erin Aldridge,Orr,Free Agent,,COSTUME DESIGN,Leave No Trace,,,,,
0,,0,,Giulia,Piersanti,Free Agent,,COSTUME DESIGN,Suspiria,,,,,
0,,0,,Marci,Rodgers,Free Agent,,COSTUME DESIGN,BlacKkKlansman,,,,,
0,,0,,Karen Muller,Serreau,Free Agent,,COSTUME DESIGN,At Eternity's Gate,,,,,
0,,0,,Sammy,Sheldon,Free Agent,,COSTUME DESIGN,Annihilation,Jurassic World: Fallen Kingdom,,,,
0,,0,,Guy,Speranza,Free Agent,,COSTUME DESIGN,Stan & Ollie,,,,,
0,,0,,Trish,Summerville,Free Agent,,COSTUME DESIGN,Red Sparrow,Boy Erased,,,,
0,,0,,Anna,Terrazas,Free Agent,,COSTUME DESIGN,Roma,,,,,
0,,0,,Mary E.,Vogt,Free Agent,,COSTUME DESIGN,Crazy Rich Asians,,,,,
0,,0,,Kasia,Walicka-Maimone,Free Agent,,COSTUME DESIGN,Ready Player One,A Quiet Place,,,,
0,,0,,Amy,Westcott,Free Agent,,COSTUME DESIGN,White Boy Rick,,,,,
0,,0,,Mary,Zophres,Free Agent,,COSTUME DESIGN,First Man,The Ballad of Buster Scruggs,,,,
0,,0,,Jon S.,Baird,Free Agent,,DIRECTOR,Stan & Ollie,,,,,
0,,0,,Susanne,Bier,Free Agent,,DIRECTOR,Bird Box,,,,,
0,,0,,Jon M.,Chu,Free Agent,,DIRECTOR,Crazy Rich Asians,,,,,
0,,0,,Yann,Demange,Free Agent,,DIRECTOR,White Boy Rick,,,,,
0,,0,,Luca,Guadagnino,Free Agent,,DIRECTOR,Suspiria,,,,,
0,,0,,Marielle,Heller,Free Agent,,DIRECTOR,Can You Ever Forgive Me?,,,,,
0,,0,,Karyn,Kusama,Free Agent,,DIRECTOR,Destroyer,,,,,
0,,0,,Mimi,Leder,Free Agent,,DIRECTOR,On the Basis of Sex,,,,,
0,,0,,David,Leitch,Free Agent,,DIRECTOR,Deadpool 2,,,,,
0,,0,,Rob,Marshall,Free Agent,,DIRECTOR,Mary Poppins Returns,,,,,
0,,0,,Josie,Rourke,Free Agent,,DIRECTOR,Mary Queen of Scots,,,,,
0,,0,,Björn,Runge,Free Agent,,DIRECTOR,The Wife,,,,,
0,,0,,Julian,Schnabel,Free Agent,,DIRECTOR EDITOR SCREENPLAY,At Eternity's Gate,,,,,
0,,0,,Gus,Van Sant,Free Agent,,DIRECTOR EDITOR SCREENPLAY,Don't Worry He Won't Get Far on Foot,,,,,
0,,0,,Orson,Welles,Free Agent,,DIRECTOR EDITOR SCREENPLAY,The Other Side of the Wind,,,,,
0,,0,,Wes,Anderson,Free Agent,,DIRECTOR SCREENPLAY,Isle of Dogs,,,,,
0,,0,,Jacques,Audiard,Free Agent,,DIRECTOR SCREENPLAY,The Sisters Brothers,,,,,
0,,0,,Brad,Bird,Free Agent,,DIRECTOR SCREENPLAY,Incredibles 2,,,,,
0,,0,,Elizabeth,Chomko,Free Agent,,DIRECTOR SCREENPLAY,What They Had,,,,,
0,,0,,Ethan,Coen,Free Agent,,DIRECTOR SCREENPLAY,The Ballad of Buster Scruggs,,,,,
0,,0,,Joel,Coen,Free Agent,,DIRECTOR SCREENPLAY,The Ballad of Buster Scruggs,,,,,
0,,0,,Brady,Corbet,Free Agent,,DIRECTOR SCREENPLAY,Vox Lux,,,,,
0,,0,,Paul,Dano,Free Agent,,DIRECTOR SCREENPLAY,Wildlife,,,,,
0,,0,,Asghar,Farhadi,Free Agent,,DIRECTOR SCREENPLAY,Everybody Knows,,,,,
0,,0,,Alex,Garland,Free Agent,,DIRECTOR SCREENPLAY,Annihilation,,,,,
0,,0,,Debra,Granik,Free Agent,,DIRECTOR SCREENPLAY,Leave No Trace,,,,,
0,,0,,Reinaldo Marcus,Green,Free Agent,,DIRECTOR SCREENPLAY,Monsters and Men,,,,,
0,,0,,Paul,Greengrass,Free Agent,,DIRECTOR SCREENPLAY,22 July,,,,,
0,,0,,Felix Van,Groeningen,Free Agent,,DIRECTOR SCREENPLAY,Beautiful Boy,,,,,
0,,0,,Brett,Haley,Free Agent,,DIRECTOR SCREENPLAY,Hearts Beat Loud,,,,,
0,,0,,Peter,Hedges,Free Agent,,DIRECTOR SCREENPLAY,Ben Is Back,,,,,
0,,0,,Armando,Iannucci,Free Agent,,DIRECTOR SCREENPLAY,The Death of Stalin,,,,,
0,,0,,Paul,King,Free Agent,,DIRECTOR SCREENPLAY,Paddington 2,,,,,
0,,0,,Sebastian,Lelio,Free Agent,,DIRECTOR SCREENPLAY,Disobedience,Gloria Bell,,,,
0,,0,,David,Lowery,Free Agent,,DIRECTOR SCREENPLAY,The Old Man & the Gun,,,,,
0,,0,,Adam,McKay,Free Agent,,DIRECTOR SCREENPLAY,Vice,,,,,
0,,0,,Steve,McQueen,Free Agent,,DIRECTOR SCREENPLAY,Widows,,,,,
0,,0,,David Robert,Mitchell,Free Agent,,DIRECTOR SCREENPLAY,Under the Silver Lake,,,,,
0,,0,,Pawel,Pawlikowski,Free Agent,,DIRECTOR SCREENPLAY,Cold War,,,,,
0,,0,,Lynne,Ramsay,Free Agent,,DIRECTOR SCREENPLAY,You Were Never Really Here,,,,,
0,,0,,Jason,Reitman,Free Agent,,DIRECTOR SCREENPLAY,The Front Runner,Tully,,,,
0,,0,,Wash,Westmoreland,Free Agent,,DIRECTOR SCREENPLAY,Colette,,,,,
0,,0,,Robert,Zemeckis,Free Agent,,DIRECTOR SCREENPLAY,Welcome to Marwen,,,,,
0,,0,,Chloe,Zhao,Free Agent,,DIRECTOR SCREENPLAY,The Rider,,,,,
0,,0,,,24 Frames,Free Agent,,DOCUMENTARY,24 Frames,,,,,
0,,0,,,306 Hollywood,Free Agent,,DOCUMENTARY,306 Hollywood,,,,,
0,,0,,,40 Years in the Making: The Magic Music Movie,Free Agent,,DOCUMENTARY,40 Years in the Making: The Magic Music Movie,,,,,
0,,0,,,78/52: Hitchcock's Shower Scene,Free Agent,,DOCUMENTARY,78/52: Hitchcock's Shower Scene,,,,,
0,,0,,,93Queen,Free Agent,,DOCUMENTARY,93Queen,,,,,
0,,0,,,A Woman Captured,Free Agent,,DOCUMENTARY,A Woman Captured,,,,,
0,,0,,,Above and Beyond: NASA’s Journey to Tomorrow,Free Agent,,DOCUMENTARY,Above and Beyond: NASA’s Journey to Tomorrow,,,,,
0,,0,,,Active Measures,Free Agent,,DOCUMENTARY,Active Measures,,,,,
0,,0,,,Amazing Grace,Free Agent,,DOCUMENTARY,Amazing Grace,,,,,
0,,0,,,American Chaos,Free Agent,,DOCUMENTARY,American Chaos,,,,,
0,,0,,,Andre the Giant,Free Agent,,DOCUMENTARY,Andre the Giant,,,,,
0,,0,,,Andy Irons: Kissed by God,Free Agent,,DOCUMENTARY,Andy Irons: Kissed by God,,,,,
0,,0,,,Angels Are Made of Light,Free Agent,,DOCUMENTARY,Angels Are Made of Light,,,,,
0,,0,,,Antonio Lopez 1970: Sex Fashion & Disco,Free Agent,,DOCUMENTARY,Antonio Lopez 1970: Sex Fashion & Disco,,,,,
0,,0,,,Avicii: True Stories,Free Agent,,DOCUMENTARY,Avicii: True Stories,,,,,
0,,0,,,Bad Reputation,Free Agent,,DOCUMENTARY,Bad Reputation,,,,,
0,,0,,,Bali: Beats of Paradise,Free Agent,,DOCUMENTARY,Bali: Beats of Paradise,,,,,
0,,0,,,Bathtubs Over Broadway,Free Agent,,DOCUMENTARY,Bathtubs Over Broadway,,,,,
0,,0,,,Be Natural: The Untold Story of Alice Guy-Blache,Free Agent,,DOCUMENTARY,Be Natural: The Untold Story of Alice Guy-Blache,,,,,
0,,0,,,Being Serena,Free Agent,,DOCUMENTARY,Being Serena,,,,,
0,,0,,,Better Angels,Free Agent,,DOCUMENTARY,Better Angels,,,,,
0,,0,,,Bill Coors: The Will to Live,Free Agent,,DOCUMENTARY,Bill Coors: The Will to Live,,,,,
0,,0,,,Boom for Real: The Late Teenage Years of Jean-Michel Basquiat,Free Agent,,DOCUMENTARY,Boom for Real: The Late Teenage Years of Jean-Michel Basquiat,,,,,
0,,0,,,Breaking Point: The War for Democracy in Ukraine,Free Agent,,DOCUMENTARY,Breaking Point: The War for Democracy in Ukraine,,,,,
0,,0,,,Call Her Ganda,Free Agent,,DOCUMENTARY,Call Her Ganda,,,,,
0,,0,,,Central Airport THF,Free Agent,,DOCUMENTARY,Central Airport THF,,,,,
0,,0,,,Charm City,Free Agent,,DOCUMENTARY,Charm City,,,,,
0,,0,,,Chef Flynn,Free Agent,,DOCUMENTARY,Chef Flynn,,,,,
0,,0,,,Chi-Town,Free Agent,,DOCUMENTARY,Chi-Town,,,,,
0,,0,,,Chris the Swiss,Free Agent,,DOCUMENTARY,Chris the Swiss,,,,,
0,,0,,,Christian Audigier the Vif,Free Agent,,DOCUMENTARY,Christian Audigier the Vif,,,,,
0,,0,,,Cielo,Free Agent,,DOCUMENTARY,Cielo,,,,,
0,,0,,,Communion,Free Agent,,DOCUMENTARY,Communion,,,,,
0,,0,,,Crime + Punishment,Free Agent,,DOCUMENTARY,Crime + Punishment,,,,,
0,,0,,,Daughters of the Sexual Revolution: The Untold Story of the Dallas Cowboys Cheerleader,Free Agent,,DOCUMENTARY,Daughters of the Sexual Revolution: The Untold Story of the Dallas Cowboys Cheerleader,,,,,
0,,0,,,David Bowie: The Last Five Years,Free Agent,,DOCUMENTARY,David Bowie: The Last Five Years,,,,,
0,,0,,,Dead Souls,Free Agent,,DOCUMENTARY,Dead Souls,,,,,
0,,0,,,Dirty Money,Free Agent,,DOCUMENTARY,Dirty Money,,,,,
0,,0,,,Divide and Conquer: The Story of Roger Ailes,Free Agent,,DOCUMENTARY,Divide and Conquer: The Story of Roger Ailes,,,,,
0,,0,,,Drug$,Free Agent,,DOCUMENTARY,Drug$,,,,,
0,,0,,,Eating Animals,Free Agent,,DOCUMENTARY,Eating Animals,,,,,
0,,0,,,Elvis Presley: The Searcher,Free Agent,,DOCUMENTARY,Elvis Presley: The Searcher,,,,,
0,,0,,,Evil Genius,Free Agent,,DOCUMENTARY,Evil Genius,,,,,
0,,0,,,Fahrenheit 11/9,Free Agent,,DOCUMENTARY,Fahrenheit 11/9,,,,,
0,,0,,,Fail State,Free Agent,,DOCUMENTARY,Fail State,,,,,
0,,0,,,Family in Transition,Free Agent,,DOCUMENTARY,Family in Transition,,,,,
0,,0,,,Far From the Tree,Free Agent,,DOCUMENTARY,Far From the Tree,,,,,
0,,0,,,Filmworker,Free Agent,,DOCUMENTARY,Filmworker,,,,,
0,,0,,,Flint Town,Free Agent,,DOCUMENTARY,Flint Town,,,,,
0,,0,,,Foreign Land,Free Agent,,DOCUMENTARY,Foreign Land,,,,,
0,,0,,,Garry Winograd: All Things Are Photographable,Free Agent,,DOCUMENTARY,Garry Winograd: All Things Are Photographable,,,,,
0,,0,,,Generation Wealth,Free Agent,,DOCUMENTARY,Generation Wealth,,,,,
0,,0,,,Ghosthunter,Free Agent,,DOCUMENTARY,Ghosthunter,,,,,
0,,0,,,Grace Jones: Bloodlight and Bami,Free Agent,,DOCUMENTARY,Grace Jones: Bloodlight and Bami,,,,,
0,,0,,,Hal,Free Agent,,DOCUMENTARY,Hal,,,,,
0,,0,,,Hale County: This Morning This Evening,Free Agent,,DOCUMENTARY,Hale County: This Morning This Evening,,,,,
0,,0,,,Half the Picture,Free Agent,,DOCUMENTARY,Half the Picture,,,,,
0,,0,,,Hillbilly,Free Agent,,DOCUMENTARY,Hillbilly,,,,,
0,,0,,,Hitler's Hollywood,Free Agent,,DOCUMENTARY,Hitler's Hollywood,,,,,
0,,0,,,Hondros,Free Agent,,DOCUMENTARY,Hondros,,,,,
0,,0,,,Howard,Free Agent,,DOCUMENTARY,Howard,,,,,
0,,0,,,I Am Evidence,Free Agent,,DOCUMENTARY,I Am Evidence,,,,,
0,,0,,,In Search of Greatness,Free Agent,,DOCUMENTARY,In Search of Greatness,,,,,
0,,0,,,In the Intense Now,Free Agent,,DOCUMENTARY,In the Intense Now,,,,,
0,,0,,,In the Land of Pomegranates,Free Agent,,DOCUMENTARY,In the Land of Pomegranates,,,,,
0,,0,,,Inmate #1: The Rise of Danny Trejo,Free Agent,,DOCUMENTARY,Inmate #1: The Rise of Danny Trejo,,,,,
0,,0,,,Inventing Tomorrow,Free Agent,,DOCUMENTARY,Inventing Tomorrow,,,,,
0,,0,,,Invisible Hands,Free Agent,,DOCUMENTARY,Invisible Hands,,,,,
0,,0,,,Itzhak,Free Agent,,DOCUMENTARY,Itzhak,,,,,
0,,0,,,Jane Fonda in Five Acts,Free Agent,,DOCUMENTARY,Jane Fonda in Five Acts,,,,,
0,,0,,,John McCain: For Whom the Bell Tolls,Free Agent,,DOCUMENTARY,John McCain: For Whom the Bell Tolls,,,,,
0,,0,,,John McEnroe: In the Realm of Perfection,Free Agent,,DOCUMENTARY,John McEnroe: In the Realm of Perfection,,,,,
0,,0,,,Kangaroo: A Love Hate Story,Free Agent,,DOCUMENTARY,Kangaroo: A Love Hate Story,,,,,
0,,0,,,Killer Bees,Free Agent,,DOCUMENTARY,Killer Bees,,,,,
0,,0,,,King in the Wilderness,Free Agent,,DOCUMENTARY,King in the Wilderness,,,,,
0,,0,,,Kusama - Infinity,Free Agent,,DOCUMENTARY,Kusama - Infinity,,,,,
0,,0,,,Ladies First,Free Agent,,DOCUMENTARY,Ladies First,,,,,
0,,0,,,Leaning Into the Wind: Andy Goldsworthy,Free Agent,,DOCUMENTARY,Leaning Into the Wind: Andy Goldsworthy,,,,,
0,,0,,,Letter From Masanjia,Free Agent,,DOCUMENTARY,Letter From Masanjia,,,,,
0,,0,,,Licu A Romanian Story,Free Agent,,DOCUMENTARY,Licu A Romanian Story,,,,,
0,,0,,,Living in the Future’s Past,Free Agent,,DOCUMENTARY,Living in the Future’s Past,,,,,
0,,0,,,Liyana,Free Agent,,DOCUMENTARY,Liyana,,,,,
0,,0,,,Lots of Kids a Monkey and a Castle,Free Agent,,DOCUMENTARY,Lots of Kids a Monkey and a Castle,,,,,
0,,0,,,Love & Bananas: An Elephant Story,Free Agent,,DOCUMENTARY,Love & Bananas: An Elephant Story,,,,,
0,,0,,,Love Cecil,Free Agent,,DOCUMENTARY,Love Cecil,,,,,
0,,0,,,Love Gilda,Free Agent,,DOCUMENTARY,Love Gilda,,,,,
0,,0,,,Love Is Tolerance – Tolerance Is Love – Make Tolerance Great Again,Free Agent,,DOCUMENTARY,Love Is Tolerance – Tolerance Is Love – Make Tolerance Great Again,,,,,
0,,0,,,Lynyrd Skynyrd: If I Leave Here Tomorrow,Free Agent,,DOCUMENTARY,Lynyrd Skynyrd: If I Leave Here Tomorrow,,,,,
0,,0,,,Maiden,Free Agent,,DOCUMENTARY,Maiden,,,,,
0,,0,,,Making the Five Heartbeats,Free Agent,,DOCUMENTARY,Making the Five Heartbeats,,,,,
0,,0,,,Maria by Callas,Free Agent,,DOCUMENTARY,Maria by Callas,,,,,
0,,0,,,Matangi/Maya/M.I.A.,Free Agent,,DOCUMENTARY,Matangi/Maya/M.I.A.,,,,,
0,,0,,,McQueen,Free Agent,,DOCUMENTARY,McQueen,,,,,
0,,0,,,Meeting Gorbachev,Free Agent,,DOCUMENTARY,Meeting Gorbachev,,,,,
0,,0,,,Mercury 13,Free Agent,,DOCUMENTARY,Mercury 13,,,,,
0,,0,,,Monrovia Indiana,Free Agent,,DOCUMENTARY,Monrovia Indiana,,,,,
0,,0,,,Never-Ending Man: Hayao Miyazaki,Free Agent,,DOCUMENTARY,Never-Ending Man: Hayao Miyazaki,,,,,
0,,0,,,New Moon,Free Agent,,DOCUMENTARY,New Moon,,,,,
0,,0,,,Nossa Chape,Free Agent,,DOCUMENTARY,Nossa Chape,,,,,
0,,0,,,Of Fathers and Sons,Free Agent,,DOCUMENTARY,Of Fathers and Sons,,,,,
0,,0,,,Of Love & Law,Free Agent,,DOCUMENTARY,Of Love & Law,,,,,
0,,0,,,On Her Shoulders,Free Agent,,DOCUMENTARY,On Her Shoulders,,,,,
0,,0,,,On the Road to France,Free Agent,,DOCUMENTARY,On the Road to France,,,,,
0,,0,,,Opera About Poland,Free Agent,,DOCUMENTARY,Opera About Poland,,,,,
0,,0,,,Operation Odessa,Free Agent,,DOCUMENTARY,Operation Odessa,,,,,
0,,0,,,Our Blood Is Wine,Free Agent,,DOCUMENTARY,Our Blood Is Wine,,,,,
0,,0,,,Our New President,Free Agent,,DOCUMENTARY,Our New President,,,,,
0,,0,,,Pandas,Free Agent,,DOCUMENTARY,Pandas,,,,,
0,,0,,,Path of Blood,Free Agent,,DOCUMENTARY,Path of Blood,,,,,
0,,0,,,Pennywise: The Story of IT,Free Agent,,DOCUMENTARY,Pennywise: The Story of IT,,,,,
0,,0,,,People’s Republic of Desire,Free Agent,,DOCUMENTARY,People’s Republic of Desire,,,,,
0,,0,,,Pick of the Litter,Free Agent,,DOCUMENTARY,Pick of the Litter,,,,,
0,,0,,,Piripkura,Free Agent,,DOCUMENTARY,Piripkura,,,,,
0,,0,,,Police Killing,Free Agent,,DOCUMENTARY,Police Killing,,,,,
0,,0,,,Pope Francis – A Man of His Word,Free Agent,,DOCUMENTARY,Pope Francis – A Man of His Word,,,,,
0,,0,,,Qiu (Inmates),Free Agent,,DOCUMENTARY,Qiu (Inmates),,,,,
0,,0,,,Quincy,Free Agent,,DOCUMENTARY,Quincy,,,,,
0,,0,,,Ramen Heads,Free Agent,,DOCUMENTARY,Ramen Heads,,,,,
0,,0,,,Recovery Boys,Free Agent,,DOCUMENTARY,Recovery Boys,,,,,
0,,0,,,Restoring Tomorrow,Free Agent,,DOCUMENTARY,Restoring Tomorrow,,,,,
0,,0,,,Reversing Roe,Free Agent,,DOCUMENTARY,Reversing Roe,,,,,
0,,0,,,Robin Williams: Come Inside my Mind,Free Agent,,DOCUMENTARY,Robin Williams: Come Inside my Mind,,,,,
0,,0,,,Ryuichi Sakamoto: Coda,Free Agent,,DOCUMENTARY,Ryuichi Sakamoto: Coda,,,,,
0,,0,,,Sammy Davis Jr.: I've Gotta Be Me,Free Agent,,DOCUMENTARY,Sammy Davis Jr.: I've Gotta Be Me,,,,,
0,,0,,,Samouni Road,Free Agent,,DOCUMENTARY,Samouni Road,,,,,
0,,0,,,Saving Brinton,Free Agent,,DOCUMENTARY,Saving Brinton,,,,,
0,,0,,,Say Her Name: The Life and Death of Sandra Bland,Free Agent,,DOCUMENTARY,Say Her Name: The Life and Death of Sandra Bland,,,,,
0,,0,,,Science Fair,Free Agent,,DOCUMENTARY,Science Fair,,,,,
0,,0,,,Scotty and the Secret History of Hollywood,Free Agent,,DOCUMENTARY,Scotty and the Secret History of Hollywood,,,,,
0,,0,,,Searching for Ingmar Bergman,Free Agent,,DOCUMENTARY,Searching for Ingmar Bergman,,,,,
0,,0,,,Seeing Allred,Free Agent,,DOCUMENTARY,Seeing Allred,,,,,
0,,0,,,Shot in the Dark,Free Agent,,DOCUMENTARY,Shot in the Dark,,,,,
0,,0,,,Sisters of the Wilderness,Free Agent,,DOCUMENTARY,Sisters of the Wilderness,,,,,
0,,0,,,Songwriter,Free Agent,,DOCUMENTARY,Songwriter,,,,,
0,,0,,,Studio 54,Free Agent,,DOCUMENTARY,Studio 54,,,,,
0,,0,,,Summer in the Forest,Free Agent,,DOCUMENTARY,Summer in the Forest,,,,,
0,,0,,,Super Size Me 2: Holy Chicken,Free Agent,,DOCUMENTARY,Super Size Me 2: Holy Chicken,,,,,
0,,0,,,Take Your Pills,Free Agent,,DOCUMENTARY,Take Your Pills,,,,,
0,,0,,,Tea With the Dames,Free Agent,,DOCUMENTARY,Tea With the Dames,,,,,
0,,0,,,That Summer,Free Agent,,DOCUMENTARY,That Summer,,,,,
0,,0,,,That Way Madness Lies … ,Free Agent,,DOCUMENTARY,That Way Madness Lies … ,,,,,
0,,0,,,The Best Is Yet to Come,Free Agent,,DOCUMENTARY,The Best Is Yet to Come,,,,,
0,,0,,,The Biggest Little Farm,Free Agent,,DOCUMENTARY,The Biggest Little Farm,,,,,
0,,0,,,The Bleeding Edge,Free Agent,,DOCUMENTARY,The Bleeding Edge,,,,,
0,,0,,,The China Hustle,Free Agent,,DOCUMENTARY,The China Hustle,,,,,
0,,0,,,The Cleaners,Free Agent,,DOCUMENTARY,The Cleaners,,,,,
0,,0,,,The Dark Heart of Jason Voorhees: The Making of the Final Friday,Free Agent,,DOCUMENTARY,The Dark Heart of Jason Voorhees: The Making of the Final Friday,,,,,
0,,0,,,The Dawn Wall,Free Agent,,DOCUMENTARY,The Dawn Wall,,,,,
0,,0,,,The Devil and Father Amorth,Free Agent,,DOCUMENTARY,The Devil and Father Amorth,,,,,
0,,0,,,The Director and the Jedi,Free Agent,,DOCUMENTARY,The Director and the Jedi,,,,,
0,,0,,,The Distant Barking of Dogs,Free Agent,,DOCUMENTARY,The Distant Barking of Dogs,,,,,
0,,0,,,The Eyes of Orson Welles,Free Agent,,DOCUMENTARY,The Eyes of Orson Welles,,,,,
0,,0,,,The First Patient,Free Agent,,DOCUMENTARY,The First Patient,,,,,
0,,0,,,The Fourth Estate,Free Agent,,DOCUMENTARY,The Fourth Estate,,,,,
0,,0,,,The Gamechangers,Free Agent,,DOCUMENTARY,The Gamechangers,,,,,
0,,0,,,The Gilligan Manifesto,Free Agent,,DOCUMENTARY,The Gilligan Manifesto,,,,,
0,,0,,,The Gospel According to Andre,Free Agent,,DOCUMENTARY,The Gospel According to Andre,,,,,
0,,0,,,The Great Buster,Free Agent,,DOCUMENTARY,The Great Buster,,,,,
0,,0,,,The Great Buster: A Celebration,Free Agent,,DOCUMENTARY,The Great Buster: A Celebration,,,,,
0,,0,,,The Heart of Nuba,Free Agent,,DOCUMENTARY,The Heart of Nuba,,,,,
0,,0,,,The Homeless Chorus Speaks,Free Agent,,DOCUMENTARY,The Homeless Chorus Speaks,,,,,
0,,0,,,The Judge,Free Agent,,DOCUMENTARY,The Judge,,,,,
0,,0,,,The King,Free Agent,,DOCUMENTARY,The King,,,,,
0,,0,,,The Last Race,Free Agent,,DOCUMENTARY,The Last Race,,,,,
0,,0,,,The Most Unknown,Free Agent,,DOCUMENTARY,The Most Unknown,,,,,
0,,0,,,The Opera House,Free Agent,,DOCUMENTARY,The Opera House,,,,,
0,,0,,,The Oslo Diaries,Free Agent,,DOCUMENTARY,The Oslo Diaries,,,,,
0,,0,,,The Other Side of Everything,Free Agent,,DOCUMENTARY,The Other Side of Everything,,,,,
0,,0,,,The Panama Papers,Free Agent,,DOCUMENTARY,The Panama Papers,,,,,
0,,0,,,The Price of Everything,Free Agent,,DOCUMENTARY,The Price of Everything,,,,,
0,,0,,,The Price of Free,Free Agent,,DOCUMENTARY,The Price of Free,,,,,
0,,0,,,The Rachel Divide,Free Agent,,DOCUMENTARY,The Rachel Divide,,,,,
0,,0,,,The Raft,Free Agent,,DOCUMENTARY,The Raft,,,,,
0,,0,,,The Road Movie,Free Agent,,DOCUMENTARY,The Road Movie,,,,,
0,,0,,,The Sentence,Free Agent,,DOCUMENTARY,The Sentence,,,,,
0,,0,,,The Silence of Others,Free Agent,,DOCUMENTARY,The Silence of Others,,,,,
0,,0,,,The Staircase,Free Agent,,DOCUMENTARY,The Staircase,,,,,
0,,0,,,The State Against Mandela and the Others,Free Agent,,DOCUMENTARY,The State Against Mandela and the Others,,,,,
0,,0,,,The Trial,Free Agent,,DOCUMENTARY,The Trial,,,,,
0,,0,,,The Workers Cup,Free Agent,,DOCUMENTARY,The Workers Cup,,,,,
0,,0,,,The Zen Diaries of Garry Shandling,Free Agent,,DOCUMENTARY,The Zen Diaries of Garry Shandling,,,,,
0,,0,,,They'll Love Me When I'm Dead,Free Agent,,DOCUMENTARY,They'll Love Me When I'm Dead,,,,,
0,,0,,,This Is Congo,Free Agent,,DOCUMENTARY,This Is Congo,,,,,
0,,0,,,This Is Home: A Refugee Story,Free Agent,,DOCUMENTARY,This Is Home: A Refugee Story,,,,,
0,,0,,,Transformer,Free Agent,,DOCUMENTARY,Transformer,,,,,
0,,0,,,Transmilitary,Free Agent,,DOCUMENTARY,Transmilitary,,,,,
0,,0,,,Travel Ban,Free Agent,,DOCUMENTARY,Travel Ban,,,,,
0,,0,,,Triumph: The Untold Story of Perry Wallace,Free Agent,,DOCUMENTARY,Triumph: The Untold Story of Perry Wallace,,,,,
0,,0,,,Trust Machine,Free Agent,,DOCUMENTARY,Trust Machine,,,,,
0,,0,,,Under the Wire,Free Agent,,DOCUMENTARY,Under the Wire,,,,,
0,,0,,,United Skates,Free Agent,,DOCUMENTARY,United Skates,,,,,
0,,0,,,Up Down and Sideways,Free Agent,,DOCUMENTARY,Up Down and Sideways,,,,,
0,,0,,,We Could Be Heroes,Free Agent,,DOCUMENTARY,We Could Be Heroes,,,,,
0,,0,,,Weed the People,Free Agent,,DOCUMENTARY,Weed the People,,,,,
0,,0,,,Weinstein,Free Agent,,DOCUMENTARY,Weinstein,,,,,
0,,0,,,What Comes Around,Free Agent,,DOCUMENTARY,What Comes Around,,,,,
0,,0,,,What Haunts Us,Free Agent,,DOCUMENTARY,What Haunts Us,,,,,
0,,0,,,What Lies Upstream,Free Agent,,DOCUMENTARY,What Lies Upstream,,,,,
0,,0,,,Whitney,Free Agent,,DOCUMENTARY,Whitney,,,,,
0,,0,,,Wild Wild Country,Free Agent,,DOCUMENTARY,Wild Wild Country,,,,,
0,,0,,,XY Chelsea,Free Agent,,DOCUMENTARY,XY Chelsea,,,,,
0,,0,,,Yellowing,Free Agent,,DOCUMENTARY,Yellowing,,,,,
0,,0,,Alex,Blatt,Free Agent,,EDITOR,The Hate U Give,,,,,
0,,0,,Ian,Blume,Free Agent,,EDITOR,Ben Is Back,,,,,
0,,0,,Konstantin,Bock,Free Agent,,EDITOR,Capernaum,,,,,
0,,0,,Barry Alexander,Brown,Free Agent,,EDITOR,BlacKkKlansman,,,,,
0,,0,,Justin,Chan,Free Agent,,EDITOR,Monsters and Men,,,,,
0,,0,,Lisa Zeno,Churgin,Free Agent,,EDITOR,The Old Man & the Gun,,,,,
0,,0,,Hank,Corwin,Free Agent,,EDITOR,Vice,,,,,
0,,0,,Joel,Cox,Free Agent,,EDITOR,Den of Thieves,The Mule,,,,
0,,0,,Scott,Cummings,Free Agent,,EDITOR,Monsters and Men,,,,,
0,,0,,Mark,Day,Free Agent,,EDITOR,Fantastic Beasts: The Crimes of Grindelwald,Kin,,,,
0,,0,,Una Ni,Dhonghaile,Free Agent,,EDITOR,Stan & Ollie,,,,,
0,,0,,Chris,Dickens,Free Agent,,EDITOR,Mary Queen of Scots,,,,,
0,,0,,Walter,Fasano,Free Agent,,EDITOR,Suspiria,,,,,
0,,0,,Jeffrey,Ford,Free Agent,,EDITOR,Avengers: Infinity War,,,,,
0,,0,,Louise,Ford,Free Agent,,EDITOR,Wildlife,Siberia,,,,
0,,0,,Nicolas,Gaster,Free Agent,,EDITOR,The Happy Prince,,,,,
0,,0,,Terel,Gibson,Free Agent,,EDITOR,Sorry to Bother You,The Last Full Measure,,,,
0,,0,,William,Goldenberg,Free Agent,,EDITOR,22 July,,,,,
0,,0,,Stefan,Grube,Free Agent,,EDITOR,Tully,The Front Runner,,,,
0,,0,,Catherine,Haight,Free Agent,,EDITOR,Puzzle,,,,,
0,,0,,Eddie,Hamilton,Free Agent,,EDITOR,Mission: Impossible - Fallout,,,,,
0,,0,,Matthew,Hannam,Free Agent,,EDITOR,Wildlife,Vox Lux,,,,
0,,0,,Craig,Hayes,Free Agent,,EDITOR,The Hate U Give,,,,,
0,,0,,Nick,Houy,Free Agent,,EDITOR,Mid90s,,,,,
0,,0,,Harry,Jierjian,Free Agent,,EDITOR,Love Simon,,,,,
0,,0,,Lucian,Johnston,Free Agent,,EDITOR,Hereditary,,,,,
0,,0,,Myron,Kerstein,Free Agent,,EDITOR,Crazy Rich Asians,,,,,
0,,0,,Jennifer,Lame,Free Agent,,EDITOR,Hereditary,,,,,
0,,0,,Lisa,Lassek,Free Agent,,EDITOR,12 Strong,Bad Times at the El Royale,,,,
0,,0,,Ben,Lester,Free Agent,,EDITOR,Bird Box,,,,,
0,,0,,Nico,Leunen,Free Agent,,EDITOR,Beautiful Boy,Skate Kitchen,,,,
0,,0,,Jennifer,Lilly,Free Agent,,EDITOR,Eighth Grade,,,,,
0,,0,,David,Marks,Free Agent,,EDITOR,Don't Worry He Won't Get Far on Foot,,,,,
0,,0,,Yorgos,Mavropsaridis,Free Agent,,EDITOR,The Favourite,,,,,
0,,0,,Tom,McArdle,Free Agent,,EDITOR,What They Had,,,,,
0,,0,,Anne,McCabe,Free Agent,,EDITOR,Can You Ever Forgive Me?,,,,,
0,,0,,Joi,McMillon,Free Agent,,EDITOR,If Beale Street Could Talk,,,,,
0,,0,,Bob,Murawski,Free Agent,,EDITOR,The Other Side of the Wind,,,,,
0,,0,,Nathan,Nugent,Free Agent,,EDITOR,Disobedience,The Little Stranger,,,,
0,,0,,Jeremiah,O'Driscoll,Free Agent,,EDITOR,Welcome to Marwen,,,,,
0,,0,,Alex,O'Flinn,Free Agent,,EDITOR,The Rider,,,,,
0,,0,,Julio,Perez IV,Free Agent,,EDITOR,Under the Silver Lake,,,,,
0,,0,,Barney,Pilling,Free Agent,,EDITOR,Annihilation,,,,,
0,,0,,Jay,Rabinowitz,Free Agent,,EDITOR,Boy Erased,,,,,
0,,0,,Jane,Rizzo,Free Agent,,EDITOR,Leave No Trace,,,,,
0,,0,,Benjamin,Rodriguez Jr.,Free Agent,,EDITOR,First Reformed,,,,,
0,,0,,Lena,Runge,Free Agent,,EDITOR,The Wife,,,,,
0,,0,,Hayedeh,Safiyari,Free Agent,,EDITOR,Everybody Knows,,,,,
0,,0,,Nat,Sanders,Free Agent,,EDITOR,If Beale Street Could Talk,,,,,
0,,0,,Matthew,Schmidt,Free Agent,,EDITOR,Avengers: Infinity War,,,,,
0,,0,,Michael P.,Shawver,Free Agent,,EDITOR,Black Panther,,,,,
0,,0,,Wyatt,Smith,Free Agent,,EDITOR,Mary Poppins Returns,,,,,
0,,0,,Billy,Sneddon,Free Agent,,EDITOR,Stan & Ollie,,,,,
0,,0,,Michelle,Tesoro,Free Agent,,EDITOR,On the Basis of Sex,,,,,
0,,0,,Plummy,Tucker,Free Agent,,EDITOR,Destroyer,,,,,
0,,0,,Patrick J. Don,Vito,Free Agent,,EDITOR,Green Book,,,,,
0,,0,,Joe,Walker,Free Agent,,EDITOR,Widows,,,,,
0,,0,,Juliette,Welfling,Free Agent,,EDITOR,The Sisters Brothers,Ocean's Eight,,,,
0,,0,,Chris,Wyatt,Free Agent,,EDITOR,White Boy Rick,Calibre,,,,
0,,0,,Lucia,Zucchetti,Free Agent,,EDITOR,Woman Walks Ahead,Colette,,,,
0,,0,,John,Ottman,Free Agent,,EDITOR SCORE,Bohemian Rhapsody,,,,,
0,,0,,,10 Days Before the Wedding,Free Agent,,FOREIGN,10 Days Before the Wedding,,,,,
0,,0,,,A Son of Man,Free Agent,,FOREIGN,A Son of Man,,,,,
0,,0,,,A Twelve-Year Night,Free Agent,,FOREIGN,A Twelve-Year Night,,,,,
0,,0,,,Ayka,Free Agent,,FOREIGN,Ayka,,,,,
0,,0,,,Beauty and the Dogs,Free Agent,,FOREIGN,Beauty and the Dogs,,,,,
0,,0,,,Birds of Passage,Free Agent,,FOREIGN,Birds of Passage,,,,,
0,,0,,,Border,Free Agent,,FOREIGN,Border,,,,,
0,,0,,,Buffalo Boys,Free Agent,,FOREIGN,Buffalo Boys,,,,,
0,,0,,,Burning,Free Agent,,FOREIGN,Burning,,,,,
0,,0,,,Burnout,Free Agent,,FOREIGN,Burnout,,,,,
0,,0,,,Cake,Free Agent,,FOREIGN,Cake,,,,,
0,,0,,,Champions,Free Agent,,FOREIGN,Champions,,,,,
0,,0,,,Chien de garde,Free Agent,,FOREIGN,Chien de garde,,,,,
0,,0,,,Co Ba Sai Gon,Free Agent,,FOREIGN,Co Ba Sai Gon,,,,,
0,,0,,,Cocote,Free Agent,,FOREIGN,Cocote,,,,,
0,,0,,,Cold War,Free Agent,,FOREIGN,Cold War,,,,,
0,,0,,,Crystal Swan,Free Agent,,FOREIGN,Crystal Swan,,,,,
0,,0,,,Dogman,Free Agent,,FOREIGN,Dogman,,,,,
0,,0,,,Donbass,Free Agent,,FOREIGN,Donbass,,,,,
0,,0,,,El Angel,Free Agent,,FOREIGN,El Angel,,,,,
0,,0,,,Eldorado,Free Agent,,FOREIGN,Eldorado,,,,,
0,,0,,,Eternity,Free Agent,,FOREIGN,Eternity,,,,,
0,,0,,,Euthanizer,Free Agent,,FOREIGN,Euthanizer,,,,,
0,,0,,,Everybody Knows,Free Agent,,FOREIGN,Everybody Knows,,,,,
0,,0,,,Ghost Hunting,Free Agent,,FOREIGN,Ghost Hunting,,,,,
0,,0,,,Girl,Free Agent,,FOREIGN,Girl,,,,,
0,,0,,,Graves Without a Name,Free Agent,,FOREIGN,Graves Without a Name,,,,,
0,,0,,,Gutland,Free Agent,,FOREIGN,Gutland,,,,,
0,,0,,,Hidden Man,Free Agent,,FOREIGN,Hidden Man,,,,,
0,,0,,,I Am Not a Witch,Free Agent,,FOREIGN,I Am Not a Witch,,,,,
0,,0,,,I Do Not Care If We Go Down in History as Barbarians,Free Agent,,FOREIGN,I Do Not Care If We Go Down in History as Barbarians,,,,,
0,,0,,,Ivan,Free Agent,,FOREIGN,Ivan,,,,,
0,,0,,,Jirga,Free Agent,,FOREIGN,Jirga,,,,,
0,,0,,,Malila: The Farewell Flower,Free Agent,,FOREIGN,Malila: The Farewell Flower,,,,,
0,,0,,,Marlina the Murderer in Four Acts,Free Agent,,FOREIGN,Marlina the Murderer in Four Acts,,,,,
0,,0,,,Medea,Free Agent,,FOREIGN,Medea,,,,,
0,,0,,,Memoir of War,Free Agent,,FOREIGN,Memoir of War,,,,,
0,,0,,,Muralla,Free Agent,,FOREIGN,Muralla,,,,,
0,,0,,,Namme,Free Agent,,FOREIGN,Namme,,,,,
0,,0,,,Never Leave Me,Free Agent,,FOREIGN,Never Leave Me,,,,,
0,,0,,,Never Look Away,Free Agent,,FOREIGN,Never Look Away,,,,,
0,,0,,,Night Accident,Free Agent,,FOREIGN,Night Accident,,,,,
0,,0,,,No Bed of Roses,Free Agent,,FOREIGN,No Bed of Roses,,,,,
0,,0,,,No Date No Signature,Free Agent,,FOREIGN,No Date No Signature,,,,,
0,,0,,,Offenders,Free Agent,,FOREIGN,Offenders,,,,,
0,,0,,,Omnipresent,Free Agent,,FOREIGN,Omnipresent,,,,,
0,,0,,,Operation Red Sea,Free Agent,,FOREIGN,Operation Red Sea,,,,,
0,,0,,,Panchayat,Free Agent,,FOREIGN,Panchayat,,,,,
0,,0,,,PeregrinaÃ§Ã£o,Free Agent,,FOREIGN,PeregrinaÃ§Ã£o,,,,,
0,,0,,,POLYXENI,Free Agent,,FOREIGN,POLYXENI,,,,,
0,,0,,,Rafiki,Free Agent,,FOREIGN,Rafiki,,,,,
0,,0,,,Rona Azim's Mother,Free Agent,,FOREIGN,Rona Azim's Mother,,,,,
0,,0,,,Ruben Blades Is Not My Name,Free Agent,,FOREIGN,Ruben Blades Is Not My Name,,,,,
0,,0,,,Secret Ingredient,Free Agent,,FOREIGN,Secret Ingredient,,,,,
0,,0,,,Sergio and Sergei,Free Agent,,FOREIGN,Sergio and Sergei,,,,,
0,,0,,,Sew the Winter to My Skin,Free Agent,,FOREIGN,Sew the Winter to My Skin,,,,,
0,,0,,,Shoplifters,Free Agent,,FOREIGN,Shoplifters,,,,,
0,,0,,,Signal Rock,Free Agent,,FOREIGN,Signal Rock,,,,,
0,,0,,,Sobibor,Free Agent,,FOREIGN,Sobibor,,,,,
0,,0,,,Spitak,Free Agent,,FOREIGN,Spitak,,,,,
0,,0,,,Sunset,Free Agent,,FOREIGN,Sunset,,,,,
0,,0,,,Supa Modo,Free Agent,,FOREIGN,Supa Modo,,,,,
0,,0,,,Take It or Leave It,Free Agent,,FOREIGN,Take It or Leave It,,,,,
0,,0,,,The Cakemaker,Free Agent,,FOREIGN,The Cakemaker,,,,,
0,,0,,,The Eighth Commissioner,Free Agent,,FOREIGN,The Eighth Commissioner,,,,,
0,,0,,,The Family,Free Agent,,FOREIGN,The Family,,,,,
0,,0,,,The Great Buddha +,Free Agent,,FOREIGN,The Great Buddha +,,,,,
0,,0,,,The Great Mystical Circus,Free Agent,,FOREIGN,The Great Mystical Circus,,,,,
0,,0,,,The Guilty,Free Agent,,FOREIGN,The Guilty,,,,,
0,,0,,,The Heiresses,Free Agent,,FOREIGN,The Heiresses,,,,,
0,,0,,,The Interpreter,Free Agent,,FOREIGN,The Interpreter,,,,,
0,,0,,,The Journey,Free Agent,,FOREIGN,The Journey,,,,,
0,,0,,,The Marriage,Free Agent,,FOREIGN,The Marriage,,,,,
0,,0,,,The Resistance Banker,Free Agent,,FOREIGN,The Resistance Banker,,,,,
0,,0,,,The Road to Sunrise,Free Agent,,FOREIGN,The Road to Sunrise,,,,,
0,,0,,,The Waldheim Waltz,Free Agent,,FOREIGN,The Waldheim Waltz,,,,,
0,,0,,,The Wedding Ring,Free Agent,,FOREIGN,The Wedding Ring,,,,,
0,,0,,,The Wife,Free Agent,,FOREIGN,The Wife,,,,,
0,,0,,,The Wild Pear Tree,Free Agent,,FOREIGN,The Wild Pear Tree,,,,,
0,,0,,,Until the End of Time,Free Agent,,FOREIGN,Until the End of Time,,,,,
0,,0,,,Village Rockstars,Free Agent,,FOREIGN,Village Rockstars,,,,,
0,,0,,,What Will People Say,Free Agent,,FOREIGN,What Will People Say,,,,,
0,,0,,,Winter Flies,Free Agent,,FOREIGN,Winter Flies,,,,,
0,,0,,,Woman at War,Free Agent,,FOREIGN,Woman at War,,,,,
0,,0,,,Wonderful Losers: A Different World,Free Agent,,FOREIGN,Wonderful Losers: A Different World,,,,,
0,,0,,,Y de Pronto el Amanecer,Free Agent,,FOREIGN,Y de Pronto el Amanecer,,,,,
0,,0,,,Yellow Is Forbidden,Free Agent,,FOREIGN,Yellow Is Forbidden,,,,,
0,,0,,,Yomeddine,Free Agent,,FOREIGN,Yomeddine,,,,,
0,,0,,,A Star Is Born,Free Agent,,MAKEUP,A Star Is Born,,,,,
0,,0,,,A Wrinkle in Time,Free Agent,,MAKEUP,A Wrinkle in Time,,,,,
0,,0,,,Ant-Man and the Wasp,Free Agent,,MAKEUP,Ant-Man and the Wasp,,,,,
0,,0,,,At Eternity's Gate,Free Agent,,MAKEUP,At Eternity's Gate,,,,,
0,,0,,,Avengers: Infinity War,Free Agent,,MAKEUP,Avengers: Infinity War,,,,,
0,,0,,,Beautiful Boy,Free Agent,,MAKEUP,Beautiful Boy,,,,,
0,,0,,,Black Panther,Free Agent,,MAKEUP,Black Panther,,,,,
0,,0,,,BlacKkKlansman,Free Agent,,MAKEUP,BlacKkKlansman,,,,,
0,,0,,,Bohemian Rhapsody,Free Agent,,MAKEUP,Bohemian Rhapsody,,,,,
0,,0,,,Cold War,Free Agent,,MAKEUP,Cold War,,,,,
0,,0,,,Colette,Free Agent,,MAKEUP,Colette,,,,,
0,,0,,,Deadpool 2,Free Agent,,MAKEUP,Deadpool 2,,,,,
0,,0,,,Destroyer,Free Agent,,MAKEUP,Destroyer,,,,,
0,,0,,,Fantastic Beasts: The Crimes of Grindelwald,Free Agent,,MAKEUP,Fantastic Beasts: The Crimes of Grindelwald,,,,,
0,,0,,,First Man,Free Agent,,MAKEUP,First Man,,,,,
0,,0,,,Goosebumps 2: Haunted Halloween,Free Agent,,MAKEUP,Goosebumps 2: Haunted Halloween,,,,,
0,,0,,,If Beale Street Could Talk,Free Agent,,MAKEUP,If Beale Street Could Talk,,,,,
0,,0,,,Mary Poppins Returns,Free Agent,,MAKEUP,Mary Poppins Returns,,,,,
0,,0,,,Mary Queen of Scots,Free Agent,,MAKEUP,Mary Queen of Scots,,,,,
0,,0,,,Mortal Engines,Free Agent,,MAKEUP,Mortal Engines,,,,,
0,,0,,,On the Basis of Sex,Free Agent,,MAKEUP,On the Basis of Sex,,,,,
0,,0,,,Peterloo,Free Agent,,MAKEUP,Peterloo,,,,,
0,,0,,,Ready Player One,Free Agent,,MAKEUP,Ready Player One,,,,,
0,,0,,,Solo: A Star Wars Story,Free Agent,,MAKEUP,Solo: A Star Wars Story,,,,,
0,,0,,,Stan & Ollie,Free Agent,,MAKEUP,Stan & Ollie,,,,,
0,,0,,,Suspiria,Free Agent,,MAKEUP,Suspiria,,,,,
0,,0,,,The Ballad of Buster Scruggs,Free Agent,,MAKEUP,The Ballad of Buster Scruggs,,,,,
0,,0,,,The Front Runner,Free Agent,,MAKEUP,The Front Runner,,,,,
0,,0,,,The Nutcracker and the Four Realms,Free Agent,,MAKEUP,The Nutcracker and the Four Realms,,,,,
0,,0,,,The Other Side of the Wind,Free Agent,,MAKEUP,The Other Side of the Wind,,,,,
0,,0,,,The Sisters Brothers,Free Agent,,MAKEUP,The Sisters Brothers,,,,,
0,,0,,,Tully,Free Agent,,MAKEUP,Tully,,,,,
0,,0,,,Uncle Drew,Free Agent,,MAKEUP,Uncle Drew,,,,,
0,,0,,,Vox Lux,Free Agent,,MAKEUP,Vox Lux,,,,,
0,,0,,,211,Free Agent,,PICTURE,211,,,,,
0,,0,,,10x10,Free Agent,,PICTURE,10x10,,,,,
0,,0,,,12 Strong,Free Agent,,PICTURE,12 Strong,,,,,
0,,0,,,2036 Origin Unknown,Free Agent,,PICTURE,2036 Origin Unknown,,,,,
0,,0,,,22 July,Free Agent,,PICTURE,22 July,,,,,
0,,0,,,7 Days in Entebbe,Free Agent,,PICTURE,7 Days in Entebbe,,,,,
0,,0,,,7 Guardians of the Tomb,Free Agent,,PICTURE,7 Guardians of the Tomb,,,,,
0,,0,,,A Boy. A Girl. A Dream.,Free Agent,,PICTURE,A Boy. A Girl. A Dream.,,,,,
0,,0,,,A Futile and Stupid Gesture,Free Agent,,PICTURE,A Futile and Stupid Gesture,,,,,
0,,0,,,A Million Little Pieces,Free Agent,,PICTURE,A Million Little Pieces,,,,,
0,,0,,,A Private War,Free Agent,,PICTURE,A Private War,,,,,
0,,0,,,A Quiet Place,Free Agent,,PICTURE,A Quiet Place,,,,,
0,,0,,,A Reckoning,Free Agent,,PICTURE,A Reckoning,,,,,
0,,0,,,A Simple Favor,Free Agent,,PICTURE,A Simple Favor,,,,,
0,,0,,,A Wrinkle in Time,Free Agent,,PICTURE,A Wrinkle in Time,,,,,
0,,0,,,Above Suspicion,Free Agent,,PICTURE,Above Suspicion,,,,,
0,,0,,,Accident Man,Free Agent,,PICTURE,Accident Man,,,,,
0,,0,,,Acrimony,Free Agent,,PICTURE,Acrimony,,,,,
0,,0,,,Action Point,Free Agent,,PICTURE,Action Point,,,,,
0,,0,,,Acts of Violence,Free Agent,,PICTURE,Acts of Violence,,,,,
0,,0,,,Adrift,Free Agent,,PICTURE,Adrift,,,,,
0,,0,,,Affairs of State,Free Agent,,PICTURE,Affairs of State,,,,,
0,,0,,,Age of Summer,Free Agent,,PICTURE,Age of Summer,,,,,
0,,0,,,Alex & Me,Free Agent,,PICTURE,Alex & Me,,,,,
0,,0,,,Alex Strangelove,Free Agent,,PICTURE,Alex Strangelove,,,,,
0,,0,,,Alien Predator,Free Agent,,PICTURE,Alien Predator,,,,,
0,,0,,,Alita: Battle Angel,Free Agent,,PICTURE,Alita: Battle Angel,,,,,
0,,0,,,All About Nina,Free Agent,,PICTURE,All About Nina,,,,,
0,,0,,,Alpha,Free Agent,,PICTURE,Alpha,,,,,
0,,0,,,Alright Now,Free Agent,,PICTURE,Alright Now,,,,,
0,,0,,,Amazon Hot Box,Free Agent,,PICTURE,Amazon Hot Box,,,,,
0,,0,,,American Animals,Free Agent,,PICTURE,American Animals,,,,,
0,,0,,,An Evening with Beverly Luff Linn,Free Agent,,PICTURE,An Evening with Beverly Luff Linn,,,,,
0,,0,,,An Interview with God,Free Agent,,PICTURE,An Interview with God,,,,,
0,,0,,,Andover,Free Agent,,PICTURE,Andover,,,,,
0,,0,,,Annihilation,Free Agent,,PICTURE,Annihilation,,,,,
0,,0,,,Anon,Free Agent,,PICTURE,Anon,,,,,
0,,0,,,Another Time,Free Agent,,PICTURE,Another Time,,,,,
0,,0,,,Ant-Man and the Wasp,Free Agent,,PICTURE,Ant-Man and the Wasp,,,,,
0,,0,,,Apostle,Free Agent,,PICTURE,Apostle,,,,,
0,,0,,,Aquaman,Free Agent,,PICTURE,Aquaman,,,,,
0,,0,,,Arizona,Free Agent,,PICTURE,Arizona,,,,,
0,,0,,,Armed,Free Agent,,PICTURE,Armed,,,,,
0,,0,,,Assassination Nation,Free Agent,,PICTURE,Assassination Nation,,,,,
0,,0,,,At Eternity's Gate,Free Agent,,PICTURE,At Eternity's Gate,,,,,
0,,0,,,Avengers: Infinity War,Free Agent,,PICTURE,Avengers: Infinity War,,,,,
0,,0,,,A-X-L,Free Agent,,PICTURE,A-X-L,,,,,
0,,0,,,Back Roads,Free Agent,,PICTURE,Back Roads,,,,,
0,,0,,,Backstabbing for Beginners,Free Agent,,PICTURE,Backstabbing for Beginners,,,,,
0,,0,,,Bad Samaritan,Free Agent,,PICTURE,Bad Samaritan,,,,,
0,,0,,,Bad Times at the El Royale,Free Agent,,PICTURE,Bad Times at the El Royale,,,,,
0,,0,,,Bad Tutor,Free Agent,,PICTURE,Bad Tutor,,,,,
0,,0,,,Baja,Free Agent,,PICTURE,Baja,,,,,
0,,0,,,Beast of Burden,Free Agent,,PICTURE,Beast of Burden,,,,,
0,,0,,,Beirut,Free Agent,,PICTURE,Beirut,,,,,
0,,0,,,Bel Canto,Free Agent,,PICTURE,Bel Canto,,,,,
0,,0,,,Ben Is Back,Free Agent,,PICTURE,Ben Is Back,,,,,
0,,0,,,Bent,Free Agent,,PICTURE,Bent,,,,,
0,,0,,,Beyond the Edge,Free Agent,,PICTURE,Beyond the Edge,,,,,
0,,0,,,Beyond The Sky,Free Agent,,PICTURE,Beyond The Sky,,,,,
0,,0,,,Bigger,Free Agent,,PICTURE,Bigger,,,,,
0,,0,,,Billionaire Boys Club,Free Agent,,PICTURE,Billionaire Boys Club,,,,,
0,,0,,,Bird Box,Free Agent,,PICTURE,Bird Box,,,,,
0,,0,,,Black 47,Free Agent,,PICTURE,Black 47,,,,,
0,,0,,,Black Panther,Free Agent,,PICTURE,Black Panther,,,,,
0,,0,,,Black Wake,Free Agent,,PICTURE,Black Wake,,,,,
0,,0,,,Black Water,Free Agent,,PICTURE,Black Water,,,,,
0,,0,,,Blaze,Free Agent,,PICTURE,Blaze,,,,,
0,,0,,,Blindspotting,Free Agent,,PICTURE,Blindspotting,,,,,
0,,0,,,Blockers,Free Agent,,PICTURE,Blockers,,,,,
0,,0,,,Blood Fest,Free Agent,,PICTURE,Blood Fest,,,,,
0,,0,,,Blue Iguana,Free Agent,,PICTURE,Blue Iguana,,,,,
0,,0,,,Boarding School,Free Agent,,PICTURE,Boarding School,,,,,
0,,0,,,Bohemian Rhapsody,Free Agent,,PICTURE,Bohemian Rhapsody,,,,,
0,,0,,,Book Club,Free Agent,,PICTURE,Book Club,,,,,
0,,0,,,Braven,Free Agent,,PICTURE,Braven,,,,,
0,,0,,,Breaking & Exiting,Free Agent,,PICTURE,Breaking & Exiting,,,,,
0,,0,,,Breaking In,Free Agent,,PICTURE,Breaking In,,,,,
0,,0,,,Bumblebee,Free Agent,,PICTURE,Bumblebee,,,,,
0,,0,,,Burden,Free Agent,,PICTURE,Burden,,,,,
0,,0,,,Burning Shadow,Free Agent,,PICTURE,Burning Shadow,,,,,
0,,0,,,Calibre,Free Agent,,PICTURE,Calibre,,,,,
0,,0,,,Candy Jar,Free Agent,,PICTURE,Candy Jar,,,,,
0,,0,,,Charlie Says,Free Agent,,PICTURE,Charlie Says,,,,,
0,,0,,,Christopher Robin,Free Agent,,PICTURE,Christopher Robin,,,,,
0,,0,,,Colette,Free Agent,,PICTURE,Colette,,,,,
0,,0,,,Corbin Nash,Free Agent,,PICTURE,Corbin Nash,,,,,
0,,0,,,Creed II,Free Agent,,PICTURE,Creed II,,,,,
0,,0,,,Cruise,Free Agent,,PICTURE,Cruise,,,,,
0,,0,,,Curse of the Nun,Free Agent,,PICTURE,Curse of the Nun,,,,,
0,,0,,,Daddy's Girl,Free Agent,,PICTURE,Daddy's Girl,,,,,
0,,0,,,Damsel,Free Agent,,PICTURE,Damsel,,,,,
0,,0,,,Danger One,Free Agent,,PICTURE,Danger One,,,,,
0,,0,,,Darc,Free Agent,,PICTURE,Darc,,,,,
0,,0,,,Day of the Dead: Bloodline,Free Agent,,PICTURE,Day of the Dead: Bloodline,,,,,
0,,0,,,Deadpool 2,Free Agent,,PICTURE,Deadpool 2,,,,,
0,,0,,,Death Kiss,Free Agent,,PICTURE,Death Kiss,,,,,
0,,0,,,Death Wish,Free Agent,,PICTURE,Death Wish,,,,,
0,,0,,,Delirium,Free Agent,,PICTURE,Delirium,,,,,
0,,0,,,Den of Thieves,Free Agent,,PICTURE,Den of Thieves,,,,,
0,,0,,,Destination Wedding,Free Agent,,PICTURE,Destination Wedding,,,,,
0,,0,,,Destroyer,Free Agent,,PICTURE,Destroyer,,,,,
0,,0,,,Diane,Free Agent,,PICTURE,Diane,,,,,
0,,0,,,Disobedience,Free Agent,,PICTURE,Disobedience,,,,,
0,,0,,,Distorted,Free Agent,,PICTURE,Distorted,,,,,
0,,0,,,Dog Days,Free Agent,,PICTURE,Dog Days,,,,,
0,,0,,,Don't Leave Home,Free Agent,,PICTURE,Don't Leave Home,,,,,
0,,0,,,Don't Worry He Won't Get Far on Foot,Free Agent,,PICTURE,Don't Worry He Won't Get Far on Foot,,,,,
0,,0,,,Down a Dark Hall,Free Agent,,PICTURE,Down a Dark Hall,,,,,
0,,0,,,Dragged Across Concrete,Free Agent,,PICTURE,Dragged Across Concrete,,,,,
0,,0,,,Driven,Free Agent,,PICTURE,Driven,,,,,
0,,0,,,Duck Butter,Free Agent,,PICTURE,Duck Butter,,,,,
0,,0,,,Dude,Free Agent,,PICTURE,Dude,,,,,
0,,0,,,Dumplin',Free Agent,,PICTURE,Dumplin',,,,,
0,,0,,,E-Demon,Free Agent,,PICTURE,E-Demon,,,,,
0,,0,,,Eighth Grade,Free Agent,,PICTURE,Eighth Grade,,,,,
0,,0,,,Elizabeth Harvest,Free Agent,,PICTURE,Elizabeth Harvest,,,,,
0,,0,,,Epidemic,Free Agent,,PICTURE,Epidemic,,,,,
0,,0,,,Escape Plan 2: Hades,Free Agent,,PICTURE,Escape Plan 2: Hades,,,,,
0,,0,,,Every Day,Free Agent,,PICTURE,Every Day,,,,,
0,,0,,,Extinction,Free Agent,,PICTURE,Extinction,,,,,
0,,0,,,Fahrenheit 451,Free Agent,,PICTURE,Fahrenheit 451,,,,,
0,,0,,,Fantastic Beasts: The Crimes of Grindelwald,Free Agent,,PICTURE,Fantastic Beasts: The Crimes of Grindelwald,,,,,
0,,0,,,Farming,Free Agent,,PICTURE,Farming,,,,,
0,,0,,,Father of the Year,Free Agent,,PICTURE,Father of the Year,,,,,
0,,0,,,Fifty Shades Freed,Free Agent,,PICTURE,Fifty Shades Freed,,,,,
0,,0,,,Final Score,Free Agent,,PICTURE,Final Score,,,,,
0,,0,,,Forever My Girl,Free Agent,,PICTURE,Forever My Girl,,,,,
0,,0,,,Future World,Free Agent,,PICTURE,Future World,,,,,
0,,0,,,Galveston,Free Agent,,PICTURE,Galveston,,,,,
0,,0,,,Game Night,Free Agent,,PICTURE,Game Night,,,,,
0,,0,,,Game Over Man!,Free Agent,,PICTURE,Game Over Man!,,,,,
0,,0,,,Garbage,Free Agent,,PICTURE,Garbage,,,,,
0,,0,,,Gloria Bell,Free Agent,,PICTURE,Gloria Bell,,,,,
0,,0,,,God Bless the Broken Road,Free Agent,,PICTURE,God Bless the Broken Road,,,,,
0,,0,,,God's Not Dead: A Light in Darkness,Free Agent,,PICTURE,God's Not Dead: A Light in Darkness,,,,,
0,,0,,,Goosebumps 2: Haunted Halloween,Free Agent,,PICTURE,Goosebumps 2: Haunted Halloween,,,,,
0,,0,,,Gosnell: The Trial of America's Biggest Serial Killer,Free Agent,,PICTURE,Gosnell: The Trial of America's Biggest Serial Killer,,,,,
0,,0,,,Gotti,Free Agent,,PICTURE,Gotti,,,,,
0,,0,,,Greta,Free Agent,,PICTURE,Greta,,,,,
0,,0,,,Gringo,Free Agent,,PICTURE,Gringo,,,,,
0,,0,,,Halloween,Free Agent,,PICTURE,Halloween,,,,,
0,,0,,,Hearts Beat Loud,Free Agent,,PICTURE,Hearts Beat Loud,,,,,
0,,0,,,Hell Fest,Free Agent,,PICTURE,Hell Fest,,,,,
0,,0,,,Hell House LLC II: The Abaddon Hotel,Free Agent,,PICTURE,Hell House LLC II: The Abaddon Hotel,,,,,
0,,0,,,Her Boyfriend's Secret,Free Agent,,PICTURE,Her Boyfriend's Secret,,,,,
0,,0,,,Her Smell,Free Agent,,PICTURE,Her Smell,,,,,
0,,0,,,Here and Now,Free Agent,,PICTURE,Here and Now,,,,,
0,,0,,,Hereditary,Free Agent,,PICTURE,Hereditary,,,,,
0,,0,,,He's Out There,Free Agent,,PICTURE,He's Out There,,,,,
0,,0,,,High Life,Free Agent,,PICTURE,High Life,,,,,
0,,0,,,Higher Power,Free Agent,,PICTURE,Higher Power,,,,,
0,,0,,,Hold the Dark,Free Agent,,PICTURE,Hold the Dark,,,,,
0,,0,,,Holmes & Watson,Free Agent,,PICTURE,Holmes & Watson,,,,,
0,,0,,,Hotel Artemis,Free Agent,,PICTURE,Hotel Artemis,,,,,
0,,0,,,Hotel Mumbai,Free Agent,,PICTURE,Hotel Mumbai,,,,,
0,,0,,,How It Ends,Free Agent,,PICTURE,How It Ends,,,,,
0,,0,,,Hunter Killer,Free Agent,,PICTURE,Hunter Killer,,,,,
0,,0,,,Hurricane,Free Agent,,PICTURE,Hurricane,,,,,
0,,0,,,Hurricane Bianca: From Russia with Hate,Free Agent,,PICTURE,Hurricane Bianca: From Russia with Hate,,,,,
0,,0,,,I Am Vengeance,Free Agent,,PICTURE,I Am Vengeance,,,,,
0,,0,,,I Can Only Imagine,Free Agent,,PICTURE,I Can Only Imagine,,,,,
0,,0,,,I Feel Pretty,Free Agent,,PICTURE,I Feel Pretty,,,,,
0,,0,,,I Think We're Alone Now,Free Agent,,PICTURE,I Think We're Alone Now,,,,,
0,,0,,,Ibiza,Free Agent,,PICTURE,Ibiza,,,,,
0,,0,,,Ideal Home,Free Agent,,PICTURE,Ideal Home,,,,,
0,,0,,,In Darkness,Free Agent,,PICTURE,In Darkness,,,,,
0,,0,,,In Fabric,Free Agent,,PICTURE,In Fabric,,,,,
0,,0,,,Incident in a Ghostland,Free Agent,,PICTURE,Incident in a Ghostland,,,,,
0,,0,,,Indivisible,Free Agent,,PICTURE,Indivisible,,,,,
0,,0,,,Insidious: The Last Key,Free Agent,,PICTURE,Insidious: The Last Key,,,,,
0,,0,,,Instant Family,Free Agent,,PICTURE,Instant Family,,,,,
0,,0,,,Irreplaceable You,Free Agent,,PICTURE,Irreplaceable You,,,,,
0,,0,,,Jeremiah Terminator LeRoy,Free Agent,,PICTURE,Jeremiah Terminator LeRoy,,,,,
0,,0,,,Johnny English Strikes Again,Free Agent,,PICTURE,Johnny English Strikes Again,,,,,
0,,0,,,Josie,Free Agent,,PICTURE,Josie,,,,,
0,,0,,,Juliet Naked,Free Agent,,PICTURE,Juliet Naked,,,,,
0,,0,,,Jurassic World: Fallen Kingdom,Free Agent,,PICTURE,Jurassic World: Fallen Kingdom,,,,,
0,,0,,,Kickboxer: Retaliation,Free Agent,,PICTURE,Kickboxer: Retaliation,,,,,
0,,0,,,Kin,Free Agent,,PICTURE,Kin,,,,,
0,,0,,,King of Thieves,Free Agent,,PICTURE,King of Thieves,,,,,
0,,0,,,Kursk,Free Agent,,PICTURE,Kursk,,,,,
0,,0,,,Ladies in Black,Free Agent,,PICTURE,Ladies in Black,,,,,
0,,0,,,Lean on Pete,Free Agent,,PICTURE,Lean on Pete,,,,,
0,,0,,,Leave No Trace,Free Agent,,PICTURE,Leave No Trace,,,,,
0,,0,,,Life Itself,Free Agent,,PICTURE,Life Itself,,,,,
0,,0,,,Life of the Party,Free Agent,,PICTURE,Life of the Party,,,,,
0,,0,,,Like Father,Free Agent,,PICTURE,Like Father,,,,,
0,,0,,,Little Italy,Free Agent,,PICTURE,Little Italy,,,,,
0,,0,,,Little Women,Free Agent,,PICTURE,Little Women,,,,,
0,,0,,,Lizzie,Free Agent,,PICTURE,Lizzie,,,,,
0,,0,,,London Fields,Free Agent,,PICTURE,London Fields,,,,,
0,,0,,,Looking Glass,Free Agent,,PICTURE,Looking Glass,,,,,
0,,0,,,Lords of Chaos,Free Agent,,PICTURE,Lords of Chaos,,,,,
0,,0,,,Lost Child,Free Agent,,PICTURE,Lost Child,,,,,
0,,0,,,Lost Fare,Free Agent,,PICTURE,Lost Fare,,,,,
0,,0,,,Love After Love,Free Agent,,PICTURE,Love After Love,,,,,
0,,0,,,Love at Sea,Free Agent,,PICTURE,Love at Sea,,,,,
0,,0,,,Love Simon,Free Agent,,PICTURE,Love Simon,,,,,
0,,0,,,Mamma Mia! Here We Go Again,Free Agent,,PICTURE,Mamma Mia! Here We Go Again,,,,,
0,,0,,,Mandy,Free Agent,,PICTURE,Mandy,,,,,
0,,0,,,Mara,Free Agent,,PICTURE,Mara,,,,,
0,,0,,,Mary Magdalene,Free Agent,,PICTURE,Mary Magdalene,,,,,
0,,0,,,Mary Poppins Returns,Free Agent,,PICTURE,Mary Poppins Returns,,,,,
0,,0,,,Mary Queen of Scots,Free Agent,,PICTURE,Mary Queen of Scots,,,,,
0,,0,,,Maze Runner: The Death Cure,Free Agent,,PICTURE,Maze Runner: The Death Cure,,,,,
0,,0,,,Mid90s,Free Agent,,PICTURE,Mid90s,,,,,
0,,0,,,Midnight Sun,Free Agent,,PICTURE,Midnight Sun,,,,,
0,,0,,,Mile 22,Free Agent,,PICTURE,Mile 22,,,,,
0,,0,,,Mission: Impossible - Fallout,Free Agent,,PICTURE,Mission: Impossible - Fallout,,,,,
0,,0,,,Monsters and Men,Free Agent,,PICTURE,Monsters and Men,,,,,
0,,0,,,Mortal Engines,Free Agent,,PICTURE,Mortal Engines,,,,,
0,,0,,,Mute,Free Agent,,PICTURE,Mute,,,,,
0,,0,,,My Husband's Secret Wife,Free Agent,,PICTURE,My Husband's Secret Wife,,,,,
0,,0,,,My Teacher My Obsession,Free Agent,,PICTURE,My Teacher My Obsession,,,,,
0,,0,,,Nancy,Free Agent,,PICTURE,Nancy,,,,,
0,,0,,,Nappily Ever After,Free Agent,,PICTURE,Nappily Ever After,,,,,
0,,0,,,Night School,Free Agent,,PICTURE,Night School,,,,,
0,,0,,,Nobody's Fool,Free Agent,,PICTURE,Nobody's Fool,,,,,
0,,0,,,Nomis,Free Agent,,PICTURE,Nomis,,,,,
0,,0,,,Occupation,Free Agent,,PICTURE,Occupation,,,,,
0,,0,,,Ocean's Eight,Free Agent,,PICTURE,Ocean's Eight,,,,,
0,,0,,,Office Uprising,Free Agent,,PICTURE,Office Uprising,,,,,
0,,0,,,On Chesil Beach,Free Agent,,PICTURE,On Chesil Beach,,,,,
0,,0,,,On the Basis of Sex,Free Agent,,PICTURE,On the Basis of Sex,,,,,
0,,0,,,Operation Finale,Free Agent,,PICTURE,Operation Finale,,,,,
0,,0,,,Ophelia,Free Agent,,PICTURE,Ophelia,,,,,
0,,0,,,Ouija House,Free Agent,,PICTURE,Ouija House,,,,,
0,,0,,,Our House,Free Agent,,PICTURE,Our House,,,,,
0,,0,,,Outlaw King,Free Agent,,PICTURE,Outlaw King,,,,,
0,,0,,,Overboard,Free Agent,,PICTURE,Overboard,,,,,
0,,0,,,Overlord,Free Agent,,PICTURE,Overlord,,,,,
0,,0,,,Pacific Rim: Uprising,Free Agent,,PICTURE,Pacific Rim: Uprising,,,,,
0,,0,,,Paddington 2,Free Agent,,PICTURE,Paddington 2,,,,,
0,,0,,,Patient Zero,Free Agent,,PICTURE,Patient Zero,,,,,
0,,0,,,Paul Apostle of Christ,Free Agent,,PICTURE,Paul Apostle of Christ,,,,,
0,,0,,,Peppermint,Free Agent,,PICTURE,Peppermint,,,,,
0,,0,,,Peterloo,Free Agent,,PICTURE,Peterloo,,,,,
0,,0,,,Private Life,Free Agent,,PICTURE,Private Life,,,,,
0,,0,,,Prospect,Free Agent,,PICTURE,Prospect,,,,,
0,,0,,,Proud Mary,Free Agent,,PICTURE,Proud Mary,,,,,
0,,0,,,Puppet Master: The Littlest Reich,Free Agent,,PICTURE,Puppet Master: The Littlest Reich,,,,,
0,,0,,,Puzzle,Free Agent,,PICTURE,Puzzle,,,,,
0,,0,,,Rampage,Free Agent,,PICTURE,Rampage,,,,,
0,,0,,,Ready Player One,Free Agent,,PICTURE,Ready Player One,,,,,
0,,0,,,Red Sparrow,Free Agent,,PICTURE,Red Sparrow,,,,,
0,,0,,,Replicas,Free Agent,,PICTURE,Replicas,,,,,
0,,0,,,Reprisal,Free Agent,,PICTURE,Reprisal,,,,,
0,,0,,,Richard Says Goodbye,Free Agent,,PICTURE,Richard Says Goodbye,,,,,
0,,0,,,Ride,Free Agent,,PICTURE,Ride,,,,,
0,,0,,,Robin Hood,Free Agent,,PICTURE,Robin Hood,,,,,
0,,0,,,Running for Grace,Free Agent,,PICTURE,Running for Grace,,,,,
0,,0,,,Samson,Free Agent,,PICTURE,Samson,,,,,
0,,0,,,Searching,Free Agent,,PICTURE,Searching,,,,,
0,,0,,,Second Act,Free Agent,,PICTURE,Second Act,,,,,
0,,0,,,Serenity,Free Agent,,PICTURE,Serenity,,,,,
0,,0,,,Set It Up,Free Agent,,PICTURE,Set It Up,,,,,
0,,0,,,Show Dogs,Free Agent,,PICTURE,Show Dogs,,,,,
0,,0,,,Siberia,Free Agent,,PICTURE,Siberia,,,,,
0,,0,,,Sicario: Day of the Soldado,Free Agent,,PICTURE,Sicario: Day of the Soldado,,,,,
0,,0,,,Sick for Toys,Free Agent,,PICTURE,Sick for Toys,,,,,
0,,0,,,Sierra Burgess Is a Loser,Free Agent,,PICTURE,Sierra Burgess Is a Loser,,,,,
0,,0,,,Silencer,Free Agent,,PICTURE,Silencer,,,,,
0,,0,,,Skate Kitchen,Free Agent,,PICTURE,Skate Kitchen,,,,,
0,,0,,,Skin,Free Agent,,PICTURE,Skin,,,,,
0,,0,,,Skyscraper,Free Agent,,PICTURE,Skyscraper,,,,,
0,,0,,,Slaughterhouse Rulez,Free Agent,,PICTURE,Slaughterhouse Rulez,,,,,
0,,0,,,Slender Man,Free Agent,,PICTURE,Slender Man,,,,,
0,,0,,,Slice,Free Agent,,PICTURE,Slice,,,,,
0,,0,,,Solo: A Star Wars Story,Free Agent,,PICTURE,Solo: A Star Wars Story,,,,,
0,,0,,,Sorry to Bother You,Free Agent,,PICTURE,Sorry to Bother You,,,,,
0,,0,,,Spinning Man,Free Agent,,PICTURE,Spinning Man,,,,,
0,,0,,,Stan & Ollie,Free Agent,,PICTURE,Stan & Ollie,,,,,
0,,0,,,Status Update,Free Agent,,PICTURE,Status Update,,,,,
0,,0,,,Summer '03,Free Agent,,PICTURE,Summer '03,,,,,
0,,0,,,Summer Night,Free Agent,,PICTURE,Summer Night,,,,,
0,,0,,,Summer of 84,Free Agent,,PICTURE,Summer of 84,,,,,
0,,0,,,Super Troopers 2,Free Agent,,PICTURE,Super Troopers 2,,,,,
0,,0,,,SuperFly,Free Agent,,PICTURE,SuperFly,,,,,
0,,0,,,Support the Girls,Free Agent,,PICTURE,Support the Girls,,,,,
0,,0,,,Suspiria,Free Agent,,PICTURE,Suspiria,,,,,
0,,0,,,Swinging Safari,Free Agent,,PICTURE,Swinging Safari,,,,,
0,,0,,,Swiped,Free Agent,,PICTURE,Swiped,,,,,
0,,0,,,Tag,Free Agent,,PICTURE,Tag,,,,,
0,,0,,,Tau,Free Agent,,PICTURE,Tau,,,,,
0,,0,,,Teen Spirit,Free Agent,,PICTURE,Teen Spirit,,,,,
0,,0,,,Tell It to the Bees,Free Agent,,PICTURE,Tell It to the Bees,,,,,
0,,0,,,Terminal,Free Agent,,PICTURE,Terminal,,,,,
0,,0,,,The 15:17 to Paris,Free Agent,,PICTURE,The 15:17 to Paris,,,,,
0,,0,,,The After Party,Free Agent,,PICTURE,The After Party,,,,,
0,,0,,,The Angel,Free Agent,,PICTURE,The Angel,,,,,
0,,0,,,The Ballad of Buster Scruggs,Free Agent,,PICTURE,The Ballad of Buster Scruggs,,,,,
0,,0,,,The Basement,Free Agent,,PICTURE,The Basement,,,,,
0,,0,,,The Big Take,Free Agent,,PICTURE,The Big Take,,,,,
0,,0,,,The Catcher Was a Spy,Free Agent,,PICTURE,The Catcher Was a Spy,,,,,
0,,0,,,The Cloverfield Paradox,Free Agent,,PICTURE,The Cloverfield Paradox,,,,,
0,,0,,,The Commuter,Free Agent,,PICTURE,The Commuter,,,,,
0,,0,,,The Con Is On,Free Agent,,PICTURE,The Con Is On,,,,,
0,,0,,,The Dark,Free Agent,,PICTURE,The Dark,,,,,
0,,0,,,The Darkest Minds,Free Agent,,PICTURE,The Darkest Minds,,,,,
0,,0,,,The Dawnseeker,Free Agent,,PICTURE,The Dawnseeker,,,,,
0,,0,,,The Death and Life of John F. Donovan,Free Agent,,PICTURE,The Death and Life of John F. Donovan,,,,,
0,,0,,,The Death of Stalin,Free Agent,,PICTURE,The Death of Stalin,,,,,
0,,0,,,The Debt Collector,Free Agent,,PICTURE,The Debt Collector,,,,,
0,,0,,,The Domestics,Free Agent,,PICTURE,The Domestics,,,,,
0,,0,,,The Equalizer 2,Free Agent,,PICTURE,The Equalizer 2,,,,,
0,,0,,,The Festival,Free Agent,,PICTURE,The Festival,,,,,
0,,0,,,The First Purge,Free Agent,,PICTURE,The First Purge,,,,,
0,,0,,,The Front Runner,Free Agent,,PICTURE,The Front Runner,,,,,
0,,0,,,The Gateway,Free Agent,,PICTURE,The Gateway,,,,,
0,,0,,,The Girl in the Spider's Web,Free Agent,,PICTURE,The Girl in the Spider's Web,,,,,
0,,0,,,The Guernsey Literary and Potato Peel Pie Society,Free Agent,,PICTURE,The Guernsey Literary and Potato Peel Pie Society,,,,,
0,,0,,,The Happy Prince,Free Agent,,PICTURE,The Happy Prince,,,,,
0,,0,,,The Happytime Murders,Free Agent,,PICTURE,The Happytime Murders,,,,,
0,,0,,,The Hate U Give,Free Agent,,PICTURE,The Hate U Give,,,,,
0,,0,,,The House That Jack Built,Free Agent,,PICTURE,The House That Jack Built,,,,,
0,,0,,,The House with a Clock in Its Walls,Free Agent,,PICTURE,The House with a Clock in Its Walls,,,,,
0,,0,,,The Hummingbird Project,Free Agent,,PICTURE,The Hummingbird Project,,,,,
0,,0,,,The Hurricane Heist,Free Agent,,PICTURE,The Hurricane Heist,,,,,
0,,0,,,The Intent 2: The Come Up,Free Agent,,PICTURE,The Intent 2: The Come Up,,,,,
0,,0,,,The Jurassic Games,Free Agent,,PICTURE,The Jurassic Games,,,,,
0,,0,,,The Kindergarten Teacher,Free Agent,,PICTURE,The Kindergarten Teacher,,,,,
0,,0,,,The King's Daughter,Free Agent,,PICTURE,The King's Daughter,,,,,
0,,0,,,The Kissing Booth,Free Agent,,PICTURE,The Kissing Booth,,,,,
0,,0,,,The Krays: Dead Man Walking,Free Agent,,PICTURE,The Krays: Dead Man Walking,,,,,
0,,0,,,The Land of Steady Habits,Free Agent,,PICTURE,The Land of Steady Habits,,,,,
0,,0,,,The Last Full Measure,Free Agent,,PICTURE,The Last Full Measure,,,,,
0,,0,,,The Last Man,Free Agent,,PICTURE,The Last Man,,,,,
0,,0,,,The Little Mermaid,Free Agent,,PICTURE,The Little Mermaid,,,,,
0,,0,,,The Little Stranger,Free Agent,,PICTURE,The Little Stranger,,,,,
0,,0,,,The Long Home,Free Agent,,PICTURE,The Long Home,,,,,
0,,0,,,The Man Who Killed Don Quixote,Free Agent,,PICTURE,The Man Who Killed Don Quixote,,,,,
0,,0,,,The Man Who Killed Hitler and Then The Bigfoot,Free Agent,,PICTURE,The Man Who Killed Hitler and Then The Bigfoot,,,,,
0,,0,,,The Marine 6: Close Quarters,Free Agent,,PICTURE,The Marine 6: Close Quarters,,,,,
0,,0,,,The Matchmaker's Playbook,Free Agent,,PICTURE,The Matchmaker's Playbook,,,,,
0,,0,,,The Meg,Free Agent,,PICTURE,The Meg,,,,,
0,,0,,,The Mercy,Free Agent,,PICTURE,The Mercy,,,,,
0,,0,,,The Middle of X,Free Agent,,PICTURE,The Middle of X,,,,,
0,,0,,,The Miracle Season,Free Agent,,PICTURE,The Miracle Season,,,,,
0,,0,,,The Miseducation of Cameron Post,Free Agent,,PICTURE,The Miseducation of Cameron Post,,,,,
0,,0,,,The Most Assassinated Woman in the World,Free Agent,,PICTURE,The Most Assassinated Woman in the World,,,,,
0,,0,,,The Mule,Free Agent,,PICTURE,The Mule,,,,,
0,,0,,,The Neighbor,Free Agent,,PICTURE,The Neighbor,,,,,
0,,0,,,The New Romantic,Free Agent,,PICTURE,The New Romantic,,,,,
0,,0,,,The Nightingale,Free Agent,,PICTURE,The Nightingale,,,,,
0,,0,,,The Ninth Passenger,Free Agent,,PICTURE,The Ninth Passenger,,,,,
0,,0,,,The Nun,Free Agent,,PICTURE,The Nun,,,,,
0,,0,,,The Nutcracker and the Four Realms,Free Agent,,PICTURE,The Nutcracker and the Four Realms,,,,,
0,,0,,,The Oath,Free Agent,,PICTURE,The Oath,,,,,
0,,0,,,The Old Man & the Gun,Free Agent,,PICTURE,The Old Man & the Gun,,,,,
0,,0,,,The Open House,Free Agent,,PICTURE,The Open House,,,,,
0,,0,,,The Other Side of the Wind,Free Agent,,PICTURE,The Other Side of the Wind,,,,,
0,,0,,,The Outsider,Free Agent,,PICTURE,The Outsider,,,,,
0,,0,,,The Package,Free Agent,,PICTURE,The Package,,,,,
0,,0,,,The Padre,Free Agent,,PICTURE,The Padre,,,,,
0,,0,,,The Pagan King,Free Agent,,PICTURE,The Pagan King,,,,,
0,,0,,,The Peanut Butter Falcon,Free Agent,,PICTURE,The Peanut Butter Falcon,,,,,
0,,0,,,The Predator,Free Agent,,PICTURE,The Predator,,,,,
0,,0,,,The Public,Free Agent,,PICTURE,The Public,,,,,
0,,0,,,The Riot Act,Free Agent,,PICTURE,The Riot Act,,,,,
0,,0,,,The Row,Free Agent,,PICTURE,The Row,,,,,
0,,0,,,The Seagull,Free Agent,,PICTURE,The Seagull,,,,,
0,,0,,,The Sisters Brothers,Free Agent,,PICTURE,The Sisters Brothers,,,,,
0,,0,,,The Spy Who Dumped Me,Free Agent,,PICTURE,The Spy Who Dumped Me,,,,,
0,,0,,,The Stand-In,Free Agent,,PICTURE,The Stand-In,,,,,
0,,0,,,The Strangers: Prey at Night,Free Agent,,PICTURE,The Strangers: Prey at Night,,,,,
0,,0,,,The Tale,Free Agent,,PICTURE,The Tale,,,,,
0,,0,,,The Titan,Free Agent,,PICTURE,The Titan,,,,,
0,,0,,,The Toybox,Free Agent,,PICTURE,The Toybox,,,,,
0,,0,,,The Trump Prophecy,Free Agent,,PICTURE,The Trump Prophecy,,,,,
0,,0,,,The Week Of,Free Agent,,PICTURE,The Week Of,,,,,
0,,0,,,The Wind,Free Agent,,PICTURE,The Wind,,,,,
0,,0,,,The Wrong Friend,Free Agent,,PICTURE,The Wrong Friend,,,,,
0,,0,,,Thunder Road,Free Agent,,PICTURE,Thunder Road,,,,,
0,,0,,,To All the Boys I've Loved Before,Free Agent,,PICTURE,To All the Boys I've Loved Before,,,,,
0,,0,,,Tomb Raider,Free Agent,,PICTURE,Tomb Raider,,,,,
0,,0,,,Traffik,Free Agent,,PICTURE,Traffik,,,,,
0,,0,,,Truth or Dare,Free Agent,,PICTURE,Truth or Dare,,,,,
0,,0,,,Tully,Free Agent,,PICTURE,Tully,,,,,
0,,0,,,UFO,Free Agent,,PICTURE,UFO,,,,,
0,,0,,,Unbroken: Path to Redemption,Free Agent,,PICTURE,Unbroken: Path to Redemption,,,,,
0,,0,,,Uncle Drew,Free Agent,,PICTURE,Uncle Drew,,,,,
0,,0,,,Under the Silver Lake,Free Agent,,PICTURE,Under the Silver Lake,,,,,
0,,0,,,Unfriended: Dark Web,Free Agent,,PICTURE,Unfriended: Dark Web,,,,,
0,,0,,,Unsane,Free Agent,,PICTURE,Unsane,,,,,
0,,0,,,Untogether,Free Agent,,PICTURE,Untogether,,,,,
0,,0,,,Upgrade,Free Agent,,PICTURE,Upgrade,,,,,
0,,0,,,Venom,Free Agent,,PICTURE,Venom,,,,,
0,,0,,,Viper Club,Free Agent,,PICTURE,Viper Club,,,,,
0,,0,,,Vita and Virginia,Free Agent,,PICTURE,Vita and Virginia,,,,,
0,,0,,,Vox Lux,Free Agent,,PICTURE,Vox Lux,,,,,
0,,0,,,Warning Shot,Free Agent,,PICTURE,Warning Shot,,,,,
0,,0,,,We Have Always Lived in the Castle,Free Agent,,PICTURE,We Have Always Lived in the Castle,,,,,
0,,0,,,We the Animals,Free Agent,,PICTURE,We the Animals,,,,,
0,,0,,,Welcome to Marwen,Free Agent,,PICTURE,Welcome to Marwen,,,,,
0,,0,,,What Keeps You Alive,Free Agent,,PICTURE,What Keeps You Alive,,,,,
0,,0,,,What Still Remains,Free Agent,,PICTURE,What Still Remains,,,,,
0,,0,,,What They Had,Free Agent,,PICTURE,What They Had,,,,,
0,,0,,,When We First Met,Free Agent,,PICTURE,When We First Met,,,,,
0,,0,,,Where Hands Touch,Free Agent,,PICTURE,Where Hands Touch,,,,,
0,,0,,,White Boy Rick,Free Agent,,PICTURE,White Boy Rick,,,,,
0,,0,,,Wildlife,Free Agent,,PICTURE,Wildlife,,,,,
0,,0,,,Wildling,Free Agent,,PICTURE,Wildling,,,,,
0,,0,,,Winchester,Free Agent,,PICTURE,Winchester,,,,,
0,,0,,,Winter Ridge,Free Agent,,PICTURE,Winter Ridge,,,,,
0,,0,,,Woman Walks Ahead,Free Agent,,PICTURE,Woman Walks Ahead,,,,,
0,,0,,,Yardie,Free Agent,,PICTURE,Yardie,,,,,
0,,0,,,You Were Never Really Here,Free Agent,,PICTURE,You Were Never Really Here,,,,,
0,,0,,,Zeroville,Free Agent,,PICTURE,Zeroville,,,,,
0,,0,,,Zoe,Free Agent,,PICTURE,Zoe,,,,,
0,,0,,William,Arnold,Free Agent,,PRODUCTION DESIGN,Game Over Man!,The Hate U Give,,,,
0,,0,,Liv,Ask,Free Agent,,PRODUCTION DESIGN,22 July,,,,,
0,,0,,Jahmin,Assa,Free Agent,,PRODUCTION DESIGN,Mid90s,Don't Worry He Won't Get Far on Foot,,,,
0,,0,,Michel,Barthelemy,Free Agent,,PRODUCTION DESIGN,The Sisters Brothers,,,,,
0,,0,,Hussein,Baydoun,Free Agent,,PRODUCTION DESIGN,Capernaum,,,,,
0,,0,,Curt,Beech,Free Agent,,PRODUCTION DESIGN,BlacKkKlansman,,,,,
0,,0,,Jeffrey,Beecroft,Free Agent,,PRODUCTION DESIGN,A Quiet Place,,,,,
0,,0,,Roshelle,Berliner,Free Agent,,PRODUCTION DESIGN,The Domestics,Puzzle,,,,
0,,0,,Eugenio,Caballero,Free Agent,,PRODUCTION DESIGN,Roma,,,,,
0,,0,,Michael,Carlin,Free Agent,,PRODUCTION DESIGN,Colette,,,,,
0,,0,,Stephen H.,Carter,Free Agent,,PRODUCTION DESIGN,Can You Ever Forgive Me?,,,,,
0,,0,,Stefania,Cella,Free Agent,,PRODUCTION DESIGN,White Boy Rick,,,,,
0,,0,,Nelson,Coates,Free Agent,,PRODUCTION DESIGN,Crazy Rich Asians,Fifty Shades Freed,On the Basis of Sex,,,
0,,0,,Stuart,Craig,Free Agent,,PRODUCTION DESIGN,Fantastic Beasts: The Crimes of Grindelwald,,,,,
0,,0,,Stephane,Cressend,Free Agent,,PRODUCTION DESIGN,At Eternity's Gate,,,,,
0,,0,,Suzie,Davies,Free Agent,,PRODUCTION DESIGN,On Chesil Beach,Peterloo,,,,
0,,0,,Stefan,Dechant,Free Agent,,PRODUCTION DESIGN,Pacific Rim: Uprising,Welcome to Marwen,,,,
0,,0,,Mark,Digby,Free Agent,,PRODUCTION DESIGN,Fahrenheit 451,Annihilation,,,,
0,,0,,Scott,Dougan,Free Agent,,PRODUCTION DESIGN,American Animals,Monsters and Men,,,,
0,,0,,Guy Hendrix,Dyas,Free Agent,,PRODUCTION DESIGN,The Nutcracker and the Four Realms,,,,,
0,,0,,Ralph,Eggleston,Free Agent,,PRODUCTION DESIGN,Incredibles 2,,,,,
0,,0,,Sarah,Finlay,Free Agent,,PRODUCTION DESIGN,Juliet Naked,Disobedience,,,,
0,,0,,Mark,Friedberg,Free Agent,,PRODUCTION DESIGN,If Beale Street Could Talk,,,,,
0,,0,,Tim,Galvin,Free Agent,,PRODUCTION DESIGN,Green Book,,,,,
0,,0,,Jess,Gonchor,Free Agent,,PRODUCTION DESIGN,The Ballad of Buster Scruggs,,,,,
0,,0,,Paul,Harrod,Free Agent,,PRODUCTION DESIGN,Isle of Dogs,,,,,
0,,0,,Aaron,Haye,Free Agent,,PRODUCTION DESIGN,Bohemian Rhapsody,,,,,
0,,0,,Dan,Hennah,Free Agent,,PRODUCTION DESIGN,Mortal Engines,,,,,
0,,0,,Kevin,Ishioka,Free Agent,,PRODUCTION DESIGN,The 15:17 to Paris,The Mule,,,,
0,,0,,Chad,Keith,Free Agent,,PRODUCTION DESIGN,Leave No Trace,Boy Erased,,,,
0,,0,,John Paul,Kelly,Free Agent,,PRODUCTION DESIGN,Stan & Ollie,,,,,
0,,0,,Jason,Kisvarday,Free Agent,,PRODUCTION DESIGN,Sorry to Bother You,An Evening with Beverly Luff Linn,,,,
0,,0,,Scott,Kuzio,Free Agent,,PRODUCTION DESIGN,The Old Man & the Gun,Damsel,,,,
0,,0,,Kay,Lee,Free Agent,,PRODUCTION DESIGN,Destroyer,,,,,
0,,0,,Mark,Leese,Free Agent,,PRODUCTION DESIGN,The Wife,,,,,
0,,0,,Sam,Lisenco,Free Agent,,PRODUCTION DESIGN,Vox Lux,Eighth Grade,,,,
0,,0,,Anastasia,Masaro,Free Agent,,PRODUCTION DESIGN,Tully,,,,,
0,,0,,Akin,McKenzie,Free Agent,,PRODUCTION DESIGN,Wildlife,,,,,
0,,0,,James,Merifield,Free Agent,,PRODUCTION DESIGN,Mary Queen of Scots,The Guernsey Literary and Potato Peel Pie Society,,,,
0,,0,,Brian,Morris,Free Agent,,PRODUCTION DESIGN,The Happy Prince,,,,,
0,,0,,Karen,Murphy,Free Agent,,PRODUCTION DESIGN,A Star Is Born,,,,,
0,,0,,John,Myhre,Free Agent,,PRODUCTION DESIGN,Mary Poppins Returns,,,,,
0,,0,,Maria Clara,Notari,Free Agent,,PRODUCTION DESIGN,Everybody Knows,,,,,
0,,0,,Aaron,Osborne,Free Agent,,PRODUCTION DESIGN,Love Simon,,,,,
0,,0,,Michael,Perry,Free Agent,,PRODUCTION DESIGN,Hell Fest,Under the Silver Lake,,,,
0,,0,,Jan,Roelfs,Free Agent,,PRODUCTION DESIGN,Bird Box,,,,,
0,,0,,Steve,Saklad,Free Agent,,PRODUCTION DESIGN,The Front Runner,,,,,
0,,0,,Christopher,Stull,Free Agent,,PRODUCTION DESIGN,What They Had,Alex & Me,,,,
0,,0,,Ethan,Tobman,Free Agent,,PRODUCTION DESIGN,Beautiful Boy,Kin,,,,
0,,0,,Patrice,Vermette,Free Agent,,PRODUCTION DESIGN,Gringo,Vice,,,,
0,,0,,Inbal,Weinberg,Free Agent,,PRODUCTION DESIGN,Suspiria,,,,,
0,,0,,Charles,Wood,Free Agent,,PRODUCTION DESIGN,Avengers: Infinity War,,,,,
0,,0,,Grace,Yun,Free Agent,,PRODUCTION DESIGN,First Reformed,Hereditary,,,,
0,,0,,Thomas,Ades,Free Agent,,SCORE,Colette,,,,,
0,,0,,Geoff,Barrow,Free Agent,,SCORE,Annihilation,,,,,
0,,0,,Tyler,Bates,Free Agent,,SCORE,The Public,Deadpool 2,The Spy Who Dumped Me,,,
0,,0,,Marco,Beltrami,Free Agent,,SCORE,A Quiet Place,,,,,
0,,0,,Danny,Bensi,Free Agent,,SCORE,Siberia,Boy Erased,,,,
0,,0,,Terence,Blanchard,Free Agent,,SCORE,BlacKkKlansman,,,,,
0,,0,,Kris,Bowers,Free Agent,,SCORE,Green Book,Monsters and Men,,,,
0,,0,,Carter,Burwell,Free Agent,,SCORE,The Ballad of Buster Scruggs,,,,,
0,,0,,The,Coup,Free Agent,,SCORE,Sorry to Bother You,,,,,
0,,0,,Mychael,Danna,Free Agent,,SCORE,On the Basis of Sex,,,,,
0,,0,,Alexandre,Desplat,Free Agent,,SCORE,Kursk,The Sisters Brothers,Isle of Dogs,Operation Finale,,
0,,0,,Ramin,Djawadi,Free Agent,,SCORE,A Wrinkle in Time,Slender Man,,,,
0,,0,,Merrill,Garbus,Free Agent,,SCORE,Sorry to Bother You,,,,,
0,,0,,Michael,Giacchino,Free Agent,,SCORE,Incredibles 2,Jurassic World: Fallen Kingdom,Bad Times at the El Royale,,,
0,,0,,Ludwig,Goransson,Free Agent,,SCORE,Death Wish,Venom,Black Panther,Slice,,
0,,0,,Hildur,Guonadottir,Free Agent,,SCORE,Sicario: Day of the Soldado,Mary Magdalene,,,,
0,,0,,Daniel,Hart,Free Agent,,SCORE,The Old Man & the Gun,,,,,
0,,0,,Nate,Heller,Free Agent,,SCORE,Can You Ever Forgive Me?,,,,,
0,,0,,Joanne,Higginbottom,Free Agent,,SCORE,The Public,,,,,
0,,0,,Dickon,Hinchliffe,Free Agent,,SCORE,Leave No Trace,Burden,Above Suspicion,Yardie,,
0,,0,,James Newton,Howard,Free Agent,,SCORE,Red Sparrow,Fantastic Beasts: The Crimes of Grindelwald,The Nutcracker and the Four Realms,,,
0,,0,,Dan,Jones,Free Agent,,SCORE,On Chesil Beach,,,,,
0,,0,,Saunder,Jurriaans,Free Agent,,SCORE,Siberia,Boy Erased,,,,
0,,0,,Federico,Jusid,Free Agent,,SCORE,Life Itself,A Twelve-Year Night,,,,
0,,0,,Rolfe,Kent,Free Agent,,SCORE,Stan & Ollie,,,,,
0,,0,,David,Lang,Free Agent,,SCORE,Wildlife,,,,,
0,,0,,Michel,Legrand,Free Agent,,SCORE,The Other Side of the Wind,,,,,
0,,0,,Javier,Limon,Free Agent,,SCORE,Everybody Knows,,,,,
0,,0,,Tatiana,Lisovkaia,Free Agent,,SCORE,At Eternity's Gate,,,,,
0,,0,,Sune,Martin,Free Agent,,SCORE,The Outsider,22-Jul,,,,
0,,0,,John,Powell,Free Agent,,SCORE,Solo: A Star Wars Story,,,,,
0,,0,,Trent,Reznor,Free Agent,,SCORE,Mid90s,,,,,
0,,0,,Max,Richter,Free Agent,,SCORE,Mary Queen of Scots,White Boy Rick,Never Look Away,,,
0,,0,,Ben,Salisbury,Free Agent,,SCORE,Annihilation,,,,,
0,,0,,Marc,Shaiman,Free Agent,,SCORE,Mary Poppins Returns,,,,,
0,,0,,Theodore,Shapiro,Free Agent,,SCORE,A Simple Favor,Destroyer,,,,
0,,0,,Alan,Silvestri,Free Agent,,SCORE,Ready Player One,Welcome to Marwen,Avengers: Infinity War,,,
0,,0,,Rob,Simonsen,Free Agent,,SCORE,Love Simon,Tully,The Front Runner,,,
0,,0,,Colin,Stetson,Free Agent,,SCORE,Hereditary,,,,,
0,,0,,Tune-Yards,Tune-Yards,Free Agent,,SCORE,Sorry to Bother You,,,,,
0,,0,,Rich,Vreeland,Free Agent,,SCORE,Under the Silver Lake,,,,,
0,,0,,Benjamin,Wallfisch,Free Agent,,SCORE,The Darkest Minds,King of Thieves,Serenity,,,
0,,0,,Julian,Wass,Free Agent,,SCORE,The Miseducation of Cameron Post,,,,,
0,,0,,Scott,Wittman,Free Agent,,SCORE,Mary Poppins Returns,,,,,
0,,0,,Gabriel,Yared,Free Agent,,SCORE,The Happy Prince,The Death and Life of John F. Donovan,Dilili in Paris,,,
0,,0,,Gary,Yershon,Free Agent,,SCORE,Peterloo,,,,,
0,,0,,Thom,Yorke,Free Agent,,SCORE,Suspiria,,,,,
0,,0,,Hans,Zimmer,Free Agent,,SCORE,Widows,,,,,
0,,0,,Khaled,Mouzanar,Free Agent,,SCORE SCREENPLAY,Capernaum,,,,,
0,,0,,Jane,Anderson,Free Agent,,SCREENPLAY,The Wife,,,,,
0,,0,,Isaac,Aptaker,Free Agent,,SCREENPLAY,Love Simon,,,,,
0,,0,,Matt,Bai,Free Agent,,SCREENPLAY,The Front Runner,,,,,
0,,0,,Marc,Basch,Free Agent,,SCREENPLAY,Hearts Beat Loud,,,,,
0,,0,,Scott,Beck,Free Agent,,SCREENPLAY,A Quiet Place,,,,,
0,,0,,Elizabeth,Berger,Free Agent,,SCREENPLAY,Love Simon,,,,,
0,,0,,Piotr,Borkowski,Free Agent,,SCREENPLAY,Cold War,,,,,
0,,0,,Jean-Claude,Carriere,Free Agent,,SCREENPLAY,At Eternity's Gate,,,,,
0,,0,,Jay,Carson,Free Agent,,SCREENPLAY,The Front Runner,,,,,
0,,0,,Peter,Chiarelli,Free Agent,,SCREENPLAY,Crazy Rich Asians,,,,,
0,,0,,Diablo,Cody,Free Agent,,SCREENPLAY,Tully,,,,,
0,,0,,Luke,Davies,Free Agent,,SCREENPLAY,Beautiful Boy,,,,,
0,,0,,Peter,Fellows,Free Agent,,SCREENPLAY,The Death of Stalin,,,,,
0,,0,,Will,Fetters,Free Agent,,SCREENPLAY,A Star Is Born,,,,,
0,,0,,Richard,Glatzer,Free Agent,,SCREENPLAY,Colette,,,,,
0,,0,,Janusz,Glowacki,Free Agent,,SCREENPLAY,Cold War,,,,,
0,,0,,Phil,Hay,Free Agent,,SCREENPLAY,Destroyer,,,,,
0,,0,,Eric,Heisserer,Free Agent,,SCREENPLAY,Bird Box,,,,,
0,,0,,Jihad,Hojeily,Free Agent,,SCREENPLAY,Capernaum,,,,,
0,,0,,David,Kajganich,Free Agent,,SCREENPLAY,Suspiria,,,,,
0,,0,,Michelle,Keserwany,Free Agent,,SCREENPLAY,Capernaum,,,,,
0,,0,,Rebecca,Lenkiewicz,Free Agent,,SCREENPLAY,Colette,Disobedience,,,,
0,,0,,Adele,Lim,Free Agent,,SCREENPLAY,Crazy Rich Asians,,,,,
0,,0,,Matt,Manfredi,Free Agent,,SCREENPLAY,Destroyer,,,,,
0,,0,,Polly,Mann,Free Agent,,SCREENPLAY,Puzzle,,,,,
0,,0,,Ian,Martin,Free Agent,,SCREENPLAY,The Death of Stalin,,,,,
0,,0,,Noah,Miller,Free Agent,,SCREENPLAY,White Boy Rick,,,,,
0,,0,,Logan,Miller,Free Agent,,SCREENPLAY,White Boy Rick,,,,,
0,,0,,Oren,Moverman,Free Agent,,SCREENPLAY,Puzzle,,,,,
0,,0,,Fabien,Nury,Free Agent,,SCREENPLAY,The Death of Stalin,,,,,
0,,0,,Jeff,Pope,Free Agent,,SCREENPLAY,Stan & Ollie,,,,,
0,,0,,Rhett,Reese,Free Agent,,SCREENPLAY,Deadpool 2,,,,,
0,,0,,Anne,Rosellini,Free Agent,,SCREENPLAY,Leave No Trace,,,,,
0,,0,,Nick,Schenk,Free Agent,,SCREENPLAY,The Mule,,,,,
0,,0,,David,Schneider,Free Agent,,SCREENPLAY,The Death of Stalin,,,,,
0,,0,,Asne,Seierstad,Free Agent,,SCREENPLAY,22 July,,,,,
0,,0,,Daniel,Stiepleman,Free Agent,,SCREENPLAY,On the Basis of Sex,,,,,
0,,0,,Caroline,Thompson,Free Agent,,SCREENPLAY,Welcome to Marwen,,,,,
0,,0,,P.L.,Travers,Free Agent,,SCREENPLAY,Mary Poppins Returns,,,,,
0,,0,,Andy,Weiss,Free Agent,,SCREENPLAY,Bigger,White Boy Rick,,,,
0,,0,,Audrey,Wells,Free Agent,,SCREENPLAY,The Hate U Give,,,,,
0,,0,,Paul,Wernick,Free Agent,,SCREENPLAY,Deadpool 2,,,,,
0,,0,,Beau,Willimon,Free Agent,,SCREENPLAY,Mary Queen of Scots,,,,,
0,,0,,Bryan,Woods,Free Agent,,SCREENPLAY,A Quiet Place,,,,,
0,,0,,,A Wrinkle in Time,Free Agent,,SONG,A Wrinkle in Time,,,,,
0,,0,,,Believer,Free Agent,,SONG,Believer,,,,,
0,,0,,,Black Panther,Free Agent,,SONG,Black Panther,,,,,
0,,0,,,Bohemian Rhapsody,Free Agent,,SONG,Bohemian Rhapsody,,,,,
0,,0,,,Boy Erased,Free Agent,,SONG,Boy Erased,,,,,
0,,0,,,Deadpool 2,Free Agent,,SONG,Deadpool 2,,,,,
0,,0,,,Dumplin',Free Agent,,SONG,Dumplin',,,,,
0,,0,,,Fifty Shades Freed,Free Agent,,SONG,Fifty Shades Freed,,,,,
0,,0,,,Green Book,Free Agent,,SONG,Green Book,,,,,
0,,0,,,Hearts Beat Loud,Free Agent,,SONG,Hearts Beat Loud,,,,,
0,,0,,,Leave No Trace,Free Agent,,SONG,Leave No Trace,,,,,
0,,0,,,Love Simon,Free Agent,,SONG,Love Simon,,,,,
0,,0,,,On the Basis of Sex,Free Agent,,SONG,On the Basis of Sex,,,,,
0,,0,,,Quincy,Free Agent,,SONG,Quincy,,,,,
0,,0,,,RBG,Free Agent,,SONG,RBG,,,,,
0,,0,,,Shirkers,Free Agent,,SONG,Shirkers,,,,,
0,,0,,,Smallfoot,Free Agent,,SONG,Smallfoot,,,,,
0,,0,,,The Grinch,Free Agent,,SONG,The Grinch,,,,,
0,,0,,,The Hate U Give,Free Agent,,SONG,The Hate U Give,,,,,
0,,0,,,The Nutcracker and the Four Realms,Free Agent,,SONG,The Nutcracker and the Four Realms,,,,,
0,,0,,,What They Had,Free Agent,,SONG,What They Had,,,,,
0,,0,,,12 Strong,Free Agent,,SOUND,12 Strong,,,,,
0,,0,,,A Wrinkle in Time,Free Agent,,SOUND,A Wrinkle in Time,,,,,
0,,0,,,Alita: Battle Angel,Free Agent,,SOUND,Alita: Battle Angel,,,,,
0,,0,,,Alpha,Free Agent,,SOUND,Alpha,,,,,
0,,0,,,Annihilation,Free Agent,,SOUND,Annihilation,,,,,
0,,0,,,Ant-Man and the Wasp,Free Agent,,SOUND,Ant-Man and the Wasp,,,,,
0,,0,,,Aquaman,Free Agent,,SOUND,Aquaman,,,,,
0,,0,,,Avengers: Infinity War,Free Agent,,SOUND,Avengers: Infinity War,,,,,
0,,0,,,Black Panther,Free Agent,,SOUND,Black Panther,,,,,
0,,0,,,BlacKkKlansman,Free Agent,,SOUND,BlacKkKlansman,,,,,
0,,0,,,Bohemian Rhapsody,Free Agent,,SOUND,Bohemian Rhapsody,,,,,
0,,0,,,Bumblebee,Free Agent,,SOUND,Bumblebee,,,,,
0,,0,,,Colette,Free Agent,,SOUND,Colette,,,,,
0,,0,,,Deadpool 2,Free Agent,,SOUND,Deadpool 2,,,,,
0,,0,,,High Life,Free Agent,,SOUND,High Life,,,,,
0,,0,,,Hold the Dark,Free Agent,,SOUND,Hold the Dark,,,,,
0,,0,,,Hunter Killer,Free Agent,,SOUND,Hunter Killer,,,,,
0,,0,,,Incredibles 2,Free Agent,,SOUND,Incredibles 2,,,,,
0,,0,,,Jurassic World: Fallen Kingdom,Free Agent,,SOUND,Jurassic World: Fallen Kingdom,,,,,
0,,0,,,Leave No Trace,Free Agent,,SOUND,Leave No Trace,,,,,
0,,0,,,Mary Poppins Returns,Free Agent,,SOUND,Mary Poppins Returns,,,,,
0,,0,,,Mile 22,Free Agent,,SOUND,Mile 22,,,,,
0,,0,,,Mission: Impossible - Fallout,Free Agent,,SOUND,Mission: Impossible - Fallout,,,,,
0,,0,,,Mortal Engines,Free Agent,,SOUND,Mortal Engines,,,,,
0,,0,,,Outlaw King,Free Agent,,SOUND,Outlaw King,,,,,
0,,0,,,Overlord,Free Agent,,SOUND,Overlord,,,,,
0,,0,,,Pacific Rim: Uprising,Free Agent,,SOUND,Pacific Rim: Uprising,,,,,
0,,0,,,Peterloo,Free Agent,,SOUND,Peterloo,,,,,
0,,0,,,Ready Player One,Free Agent,,SOUND,Ready Player One,,,,,
0,,0,,,Roma,Free Agent,,SOUND,Roma,,,,,
0,,0,,,Sicario: Day of the Soldado,Free Agent,,SOUND,Sicario: Day of the Soldado,,,,,
0,,0,,,Solo: A Star Wars Story,Free Agent,,SOUND,Solo: A Star Wars Story,,,,,
0,,0,,,Suspiria,Free Agent,,SOUND,Suspiria,,,,,
0,,0,,,The Favourite,Free Agent,,SOUND,The Favourite,,,,,
0,,0,,,The Meg,Free Agent,,SOUND,The Meg,,,,,
0,,0,,,The Mule,Free Agent,,SOUND,The Mule,,,,,
0,,0,,,The Predator,Free Agent,,SOUND,The Predator,,,,,
0,,0,,,The Sisters Brothers,Free Agent,,SOUND,The Sisters Brothers,,,,,
0,,0,,,Under the Silver Lake,Free Agent,,SOUND,Under the Silver Lake,,,,,
0,,0,,,Venom,Free Agent,,SOUND,Venom,,,,,
0,,0,,,Vice,Free Agent,,SOUND,Vice,,,,,
0,,0,,,Vox Lux,Free Agent,,SOUND,Vox Lux,,,,,
0,,0,,,Widows,Free Agent,,SOUND,Widows,,,,,
0,,0,,,Won't You Be My Neighbor?,Free Agent,,SOUND,Won't You Be My Neighbor?,,,,,
0,,0,,,A Wrinkle in Time,Free Agent,,VISUAL EFFECTS,A Wrinkle in Time,,,,,
0,,0,,,Adrift,Free Agent,,VISUAL EFFECTS,Adrift,,,,,
0,,0,,,Alita: Battle Angel,Free Agent,,VISUAL EFFECTS,Alita: Battle Angel,,,,,
0,,0,,,Alpha,Free Agent,,VISUAL EFFECTS,Alpha,,,,,
0,,0,,,Annihilation,Free Agent,,VISUAL EFFECTS,Annihilation,,,,,
0,,0,,,Ant-Man and the Wasp,Free Agent,,VISUAL EFFECTS,Ant-Man and the Wasp,,,,,
0,,0,,,Aquaman,Free Agent,,VISUAL EFFECTS,Aquaman,,,,,
0,,0,,,Bumblebee,Free Agent,,VISUAL EFFECTS,Bumblebee,,,,,
0,,0,,,Christopher Robin,Free Agent,,VISUAL EFFECTS,Christopher Robin,,,,,
0,,0,,,Colette,Free Agent,,VISUAL EFFECTS,Colette,,,,,
0,,0,,,Deadpool 2,Free Agent,,VISUAL EFFECTS,Deadpool 2,,,,,
0,,0,,,Fantastic Beasts: The Crimes of Grindelwald,Free Agent,,VISUAL EFFECTS,Fantastic Beasts: The Crimes of Grindelwald,,,,,
0,,0,,,Hell Fest,Free Agent,,VISUAL EFFECTS,Hell Fest,,,,,
0,,0,,,Hereditary,Free Agent,,VISUAL EFFECTS,Hereditary,,,,,
0,,0,,,High Life,Free Agent,,VISUAL EFFECTS,High Life,,,,,
0,,0,,,Hunter Killer,Free Agent,,VISUAL EFFECTS,Hunter Killer,,,,,
0,,0,,,Isle of Dogs,Free Agent,,VISUAL EFFECTS,Isle of Dogs,,,,,
0,,0,,,Jurassic World: Fallen Kingdom,Free Agent,,VISUAL EFFECTS,Jurassic World: Fallen Kingdom,,,,,
0,,0,,,Kin,Free Agent,,VISUAL EFFECTS,Kin,,,,,
0,,0,,,Mary Poppins Returns,Free Agent,,VISUAL EFFECTS,Mary Poppins Returns,,,,,
0,,0,,,Mission: Impossible - Fallout,Free Agent,,VISUAL EFFECTS,Mission: Impossible - Fallout,,,,,
0,,0,,,Mortal Engines,Free Agent,,VISUAL EFFECTS,Mortal Engines,,,,,
0,,0,,,Ocean's Eight,Free Agent,,VISUAL EFFECTS,Ocean's Eight,,,,,
0,,0,,,Pacific Rim: Uprising,Free Agent,,VISUAL EFFECTS,Pacific Rim: Uprising,,,,,
0,,0,,,Peter Rabbit,Free Agent,,VISUAL EFFECTS,Peter Rabbit,,,,,
0,,0,,,Rampage,Free Agent,,VISUAL EFFECTS,Rampage,,,,,
0,,0,,,Replicas,Free Agent,,VISUAL EFFECTS,Replicas,,,,,
0,,0,,,Skyscraper,Free Agent,,VISUAL EFFECTS,Skyscraper,,,,,
0,,0,,,Slender Man,Free Agent,,VISUAL EFFECTS,Slender Man,,,,,
0,,0,,,Solo: A Star Wars Story,Free Agent,,VISUAL EFFECTS,Solo: A Star Wars Story,,,,,
0,,0,,,The House with a Clock in its Walls,Free Agent,,VISUAL EFFECTS,The House with a Clock in its Walls,,,,,
0,,0,,,The Meg,Free Agent,,VISUAL EFFECTS,The Meg,,,,,
0,,0,,,The Nutcracker and the Four Realms,Free Agent,,VISUAL EFFECTS,The Nutcracker and the Four Realms,,,,,
0,,0,,,The Other Side of the Wind,Free Agent,,VISUAL EFFECTS,The Other Side of the Wind,,,,,
0,,0,,,The Predator,Free Agent,,VISUAL EFFECTS,The Predator,,,,,
0,,0,,,Venom,Free Agent,,VISUAL EFFECTS,Venom,,,,,
0,,0,,,Vox Lux,Free Agent,,VISUAL EFFECTS,Vox Lux,,,,,
0,,0,,,Welcome to Marwen,Free Agent,,VISUAL EFFECTS,Welcome to Marwen,,,,,
